FIPS,fr_predictions
55001,1.0290000000000001
55003,0.3680000000000005
55005,4.962000000000002
55007,1.0769999999999997
55009,1.0719999999999987
55011,3.4089999999999963
55013,1.1549999999999978
55015,1.320000000000001
55017,1.5590000000000017
55019,4.346000000000003
55021,4.375000000000004
55023,2.2559999999999993
55025,-1.5779999999999985
55027,-1.5539999999999994
55029,1.6630000000000027
55031,3.596000000000002
55033,3.1390000000000033
55035,4.127999999999997
55037,4.3980000000000015
55039,1.9190000000000034
55041,1.7069999999999996
55043,1.9090000000000023
55045,2.96
55047,1.9930000000000028
55049,-0.27000000000000024
55051,1.7539999999999984
55053,2.6580000000000017
55055,-0.2860000000000003
55057,4.2010000000000005
55059,2.5069999999999983
55061,2.7820000000000005
55063,-0.27099999999999974
55065,2.8469999999999978
55067,-0.3609999999999998
55069,0.9770000000000002
55071,1.5360000000000005
55073,1.046999999999999
55075,3.652000000000007
55077,3.1730000000000014
55078,6.472999999999996
55079,0.7349999999999993
55081,2.9019999999999997
55083,0.5580000000000002
55085,2.2160000000000046
55087,2.921
55089,0.645000000000002
55091,2.672999999999998
55093,2.386000000000003
55095,2.686000000000001
55097,6.231999999999999
55099,2.904000000000002
55101,1.6960000000000008
55103,2.6120000000000037
55105,3.445000000000001
55107,2.874000000000003
55109,1.0129999999999983
55111,3.276999999999999
55113,1.612
55115,4.673999999999996
55117,0.4719999999999992
55119,4.593000000000007
55121,1.181999999999998
55123,5.435000000000002
55125,0.7899999999999997
55127,0.251
55129,1.4509999999999992
55131,1.8590000000000018
55133,0.6809999999999994
55135,-0.4340000000000003
55137,2.9390000000000014
55139,0.3900000000000001
55141,5.933000000000001
53001,-1.888999999999996
53003,2.5879999999999983
53005,0.8789999999999988
53007,2.2200000000000024
53009,0.5109999999999992
53011,1.062999999999999
53013,1.6620000000000021
53015,-2.4920000000000027
53017,2.1990000000000016
53019,3.2119999999999993
53021,1.2489999999999997
53023,0.17300000000000046
53025,2.984000000000003
53027,1.1669999999999978
53029,1.5140000000000027
53031,0.48800000000000077
53033,0.978
53035,1.169999999999999
53037,2.688000000000003
53039,-0.8600000000000014
53041,-0.5319999999999987
53043,0.1740000000000003
53045,2.9770000000000016
53047,1.3129999999999984
53049,3.763999999999992
53051,-2.509000000000001
53053,1.2609999999999988
53055,-0.852999999999999
53057,-0.14000000000000207
53059,-2.1990000000000007
53061,0.8190000000000005
53063,1.5249999999999988
53065,2.688000000000003
53067,1.7310000000000003
53069,3.397000000000004
53071,-0.22999999999999945
53073,-0.16299999999999865
53075,-0.7559999999999998
53077,-0.885
33001,3.559000000000002
33003,2.169999999999998
33005,-1.3589999999999998
33007,1.6650000000000011
33009,2.635999999999997
33011,1.1310000000000033
33013,3.2249999999999988
33015,1.605000000000001
33017,1.453000000000004
33019,1.497000000000002
2013,1.7991666666666664
2016,2.9519999999999955
2020,-0.5676666666666667
2050,-0.04599999999999838
2060,0.6773333333333329
2068,-3.8040000000000043
2070,-2.527999999999999
2090,2.7206666666666655
2100,-1.226166666666667
2110,0.28200000000000086
2122,-1.8149999999999997
2130,-3.435999999999997
2150,1.7843333333333318
2164,-0.7624999999999984
2170,-0.6210000000000002
2180,0.23499999999999813
2185,-0.6150000000000025
2188,-0.3979999999999994
2220,-2.9930000000000003
2240,1.6024999999999991
2261,-0.4471666666666661
2270,1.8488333333333347
2282,1.8488333333333347
2290,-3.605666666666664
15001,1.0499999999999985
15003,0.7049999999999994
15005,0.20599999999999924
15007,0.21399999999999925
15009,-0.18100000000000038
46003,2.810000000000004
46005,1.4580000000000015
46007,2.4040000000000004
46009,2.309000000000002
46011,0.5900000000000005
46013,1.4000000000000004
46015,4.060499999999999
46017,3.1634999999999955
46019,0.3245
46021,4.128083333333329
46023,1.5919999999999987
46025,2.712000000000003
46027,0.5909999999999997
46029,1.3699999999999986
46031,1.3889999999999996
46033,1.1269999999999987
46035,4.440750000000003
46037,2.1950000000000025
46039,4.242500000000005
46041,1.4290000000000034
46043,1.38975
46045,1.0260000000000022
46047,2.0802499999999977
46049,1.9406666666666672
46051,3.322
46053,1.9570000000000027
46055,3.6799166666666627
46057,2.73
46059,1.3120000000000016
46061,1.018000000000001
46063,3.601233333333335
46065,0.281999999999999
46067,2.0469999999999984
46069,0.8810000000000002
46071,1.4729999999999996
46073,2.703583333333331
46075,0.8739999999999974
46077,5.2613333333333285
46079,0.4100000000000004
46081,1.709
46083,2.3349999999999973
46085,0.025999999999998486
46087,1.133
46089,2.2850000000000024
46091,3.083
46093,1.8510000000000013
46095,1.0570000000000002
46097,2.8392499999999994
46099,0.04299999999999949
46101,3.3870000000000045
46103,1.575000000000001
46105,5.127400000000002
46107,1.372
46109,2.2812499999999987
46111,1.130916666666665
46113,2.2630000000000017
46115,0.9200000000000002
46117,2.7370000000000014
46119,1.6250000000000007
46121,0.9569999999999976
46123,-0.46599999999999775
46125,4.017999999999999
46127,0.8109999999999993
46129,-0.6079999999999994
46135,-0.11899999999999945
46137,4.563649999999996
37001,1.1140000000000054
37003,2.390000000000001
37005,-0.6189999999999999
37007,1.4560000000000004
37009,1.5650000000000004
37011,-0.6539999999999999
37013,0.2689999999999977
37015,0.3720000000000009
37017,1.444
37019,0.7150000000000021
37021,0.8660000000000001
37023,3.5830000000000006
37025,-0.8229999999999993
37027,0.2140000000000004
37029,1.115999999999997
37031,-1.4269999999999994
37033,3.5980000000000025
37035,1.8579999999999983
37037,1.2979999999999998
37039,2.6000000000000028
37041,0.915
37043,2.517999999999997
37045,0.6870000000000012
37047,-0.6720000000000005
37049,0.3230000000000012
37051,0.37999999999999984
37053,0.36599999999999966
37055,2.1750000000000003
37057,0.6679999999999999
37059,0.7799999999999998
37061,-0.3610000000000004
37063,0.19999999999999954
37065,2.134999999999999
37067,2.784999999999996
37069,0.5830000000000003
37071,4.432999999999995
37073,0.6380000000000006
37075,1.4589999999999999
37077,2.723999999999998
37079,1.6670000000000005
37081,1.137
37083,2.046
37085,1.3829999999999996
37087,-0.7609999999999998
37089,-0.7259999999999988
37091,1.519000000000001
37093,2.145999999999997
37095,-0.11000000000000157
37097,1.9159999999999981
37099,1.9979999999999978
37101,1.6029999999999984
37103,2.6960000000000006
37105,0.09799999999999993
37107,1.8100000000000014
37109,1.2400000000000002
37111,-2.642999999999998
37113,-1.7029999999999996
37115,-0.91
37117,3.326000000000003
37119,-1.0379999999999994
37121,2.4399999999999977
37123,1.378000000000001
37125,2.1520000000000015
37127,-0.5020000000000006
37129,1.1340000000000003
37131,1.7879999999999974
37133,-2.7900000000000005
37135,-0.986
37137,2.255000000000001
37139,1.646000000000001
37141,-2.4159999999999995
37143,0.8030000000000007
37145,2.7219999999999986
37147,1.2720000000000002
37149,3.2310000000000034
37151,0.5030000000000004
37153,5.377999999999997
37155,0.9670000000000001
37157,2.97
37159,2.9699999999999993
37161,-0.5509999999999994
37163,4.965000000000004
37165,1.4299999999999995
37167,1.2709999999999995
37169,2.904000000000003
37171,0.6390000000000002
37173,2.553999999999996
37175,1.3099999999999994
37177,1.365000000000001
37179,-0.3999999999999997
37181,2.4849999999999954
37183,-1.0579999999999985
37185,1.7639999999999987
37187,0.9970000000000013
37189,1.3040000000000007
37191,2.669000000000006
37193,-0.762000000000002
37195,4.494999999999996
37197,2.343000000000001
37199,2.440000000000001
20001,2.5350000000000006
20003,1.7683333333333315
20005,-0.5360000000000018
20007,4.549000000000001
20009,3.548000000000003
20011,3.6839999999999957
20013,0.9779999999999994
20015,1.2889999999999977
20017,0.625000000000002
20019,2.2899999999999974
20021,5.303000000000002
20023,3.0059999999999976
20025,0.8626666666666655
20027,4.436666666666668
20029,2.684000000000001
20031,2.4569999999999963
20033,5.009999999999998
20035,4.354999999999995
20037,2.8949999999999965
20039,3.597499999999995
20041,2.4600000000000004
20043,2.2539999999999982
20045,-1.798000000000002
20047,2.568999999999999
20049,4.2100000000000035
20051,0.9830000000000007
20053,2.8249999999999984
20055,2.0270000000000024
20057,2.076000000000002
20059,2.398
20061,2.390999999999997
20063,2.362999999999999
20065,1.1200000000000006
20067,3.096000000000001
20069,3.1879999999999966
20071,0.7890333333333313
20073,2.3319999999999963
20075,6.363000000000005
20077,3.2499999999999947
20079,3.2240000000000015
20081,3.4269999999999965
20083,0.3772666666666652
20085,4.392000000000007
20087,-0.10866666666666885
20089,1.4449333333333327
20091,0.2280000000000012
20093,0.8310000000000002
20095,2.075999999999997
20097,1.6268333333333354
20099,4.385999999999993
20101,2.517999999999997
20103,0.99
20105,0.888333333333334
20107,2.0890000000000004
20109,2.142999999999997
20111,3.519999999999998
20113,1.4639999999999986
20115,3.1950000000000074
20117,2.9319999999999995
20119,-2.5719999999999965
20121,3.065
20123,2.3060000000000027
20125,3.776999999999995
20127,3.7680000000000042
20129,2.1129999999999978
20131,1.8799999999999994
20133,1.8380000000000012
20135,1.6606666666666658
20137,3.3590000000000035
20139,2.891
20141,2.5099999999999985
20143,5.787000000000002
20145,1.3800000000000026
20147,0.14100000000000018
20149,2.8839999999999977
20151,1.9073333333333329
20153,2.5809999999999986
20155,1.4879999999999978
20157,-0.6430000000000008
20159,1.4120000000000021
20161,0.016999999999999783
20163,1.6279999999999988
20165,1.6730000000000007
20167,1.2450000000000003
20169,0.7970000000000023
20171,0.5963333333333309
20173,1.2959999999999996
20175,3.0040000000000013
20177,1.7809999999999948
20179,2.458000000000003
20181,2.3630000000000004
20183,2.9400000000000004
20185,3.700999999999999
20187,0.8885
20189,4.106999999999996
20191,2.548999999999997
20193,1.9610000000000012
20195,0.2769999999999983
20197,1.7780000000000007
20199,2.421000000000002
20201,2.656999999999998
20203,0.9979999999999987
20205,0.5059999999999988
20207,2.374000000000002
20209,1.7060000000000002
19001,3.255000000000004
19003,3.702999999999997
19005,2.538999999999997
19007,2.979000000000003
19009,3.619000000000004
19011,4.3749999999999964
19013,2.126000000000003
19015,0.6790000000000022
19017,3.632000000000005
19019,3.687999999999998
19021,2.226
19023,4.345999999999999
19025,4.1179999999999986
19027,2.611000000000004
19029,1.695
19031,2.7429999999999986
19033,3.389000000000002
19035,6.015999999999992
19037,2.7150000000000007
19039,2.0210000000000026
19041,2.043
19043,4.166
19045,1.8909999999999985
19047,3.543999999999997
19049,2.045
19051,1.7569999999999986
19053,3.3699999999999988
19055,3.229000000000005
19057,1.6269999999999996
19059,4.146999999999995
19061,2.8780000000000006
19063,5.360999999999993
19065,6.308000000000002
19067,3.9190000000000036
19069,4.399
19071,3.543999999999995
19073,0.3340000000000019
19075,1.8679999999999983
19077,5.859999999999998
19079,2.255999999999999
19081,2.927000000000003
19083,4.412999999999999
19085,2.8980000000000037
19087,4.000000000000008
19089,4.341000000000004
19091,4.487000000000003
19093,3.414000000000003
19095,1.1909999999999983
19097,3.188000000000001
19099,2.872999999999995
19101,0.6920000000000015
19103,0.6730000000000017
19105,4.0959999999999965
19107,1.83
19109,3.8840000000000017
19111,3.1720000000000006
19113,1.3830000000000027
19115,4.648000000000006
19117,3.1640000000000015
19119,3.7880000000000025
19121,4.910999999999996
19123,2.395000000000001
19125,1.607999999999998
19127,3.098000000000005
19129,4.512999999999996
19131,1.8839999999999995
19133,2.6629999999999985
19135,3.488000000000001
19137,4.964000000000007
19139,4.163999999999996
19141,2.4360000000000017
19143,3.685000000000004
19145,3.8760000000000043
19147,4.200000000000004
19149,3.850999999999997
19151,1.9009999999999982
19153,2.745
19155,5.6799999999999935
19157,3.146999999999997
19159,6.5630000000000015
19161,3.729999999999996
19163,3.9590000000000067
19165,2.886
19167,2.3229999999999995
19169,0.22400000000000198
19171,4.005999999999998
19173,2.8329999999999997
19175,7.168000000000011
19177,3.3050000000000015
19179,3.3939999999999966
19181,-0.3399999999999986
19183,2.8470000000000044
19185,2.458000000000003
19187,1.8710000000000004
19189,4.1470000000000065
19191,-0.38100000000000067
19193,3.718000000000004
19195,4.024
19197,5.763999999999992
4001,1.3169999999999984
4003,1.0990000000000009
4005,1.630999999999998
4007,1.2110000000000003
4009,1.4509999999999998
4011,0.42800000000000027
4012,2.5100000000000025
4013,-0.5470000000000026
4015,1.358999999999999
4017,2.4410000000000003
4019,-0.8210000000000004
4021,0.7989999999999998
4023,0.4639999999999994
4025,3.4359999999999995
4027,2.6409999999999996
25001,0.7220000000000002
25003,0.22800000000000023
25005,0.6300000000000009
25007,1.6070000000000015
25009,0.7800000000000025
25011,-0.1739999999999994
25013,0.9630000000000001
25015,0.7149999999999994
25017,0.3080000000000003
25019,0.15100000000000047
25021,0.20800000000000066
25023,3.1260000000000034
25025,-0.2619999999999994
25027,1.174999999999999
12001,0.10700000000000146
12003,5.391000000000002
12005,3.4999999999999973
12007,4.057000000000001
12009,1.2680000000000007
12011,1.5390000000000017
12013,7.840999999999989
12015,0.9080000000000007
12017,-0.6060000000000001
12019,1.6089999999999998
12021,-0.34099999999999886
12023,4.785999999999998
12027,4.637999999999996
12029,2.001999999999997
12031,2.7809999999999953
12033,1.8569999999999993
12035,1.0909999999999997
12037,2.7340000000000013
12039,3.422000000000003
12041,1.399
12043,3.848999999999998
12045,4.320999999999999
12047,0.8109999999999999
12049,0.8150000000000006
12051,2.2069999999999994
12053,5.410999999999996
12055,5.449000000000001
12057,1.9519999999999975
12059,2.7269999999999994
12061,3.4129999999999985
12063,5.017999999999996
12065,3.02
12067,3.8179999999999925
12069,4.249000000000006
12071,2.054999999999998
12073,1.4959999999999996
12075,2.660000000000001
12077,3.7579999999999973
12079,1.9149999999999994
12081,0.7539999999999993
12083,2.6460000000000004
12085,0.13299999999999948
12086,-1.5490000000000013
12087,2.0690000000000004
12089,2.8960000000000012
12091,1.662999999999999
12093,3.3169999999999997
12095,0.5260000000000019
12097,2.3340000000000014
12099,1.838000000000001
12101,3.766000000000004
12103,-0.6259999999999996
12105,2.134000000000002
12107,3.289000000000001
12109,1.9299999999999984
12111,2.8389999999999973
12113,2.8379999999999996
12115,2.420000000000003
12117,0.21000000000000038
12119,2.138999999999998
12121,2.490999999999999
12123,6.706999999999998
12125,4.865999999999995
12127,3.070999999999998
12129,5.4149999999999965
12131,2.109999999999999
12133,7.557
18001,1.754
18003,-0.3709999999999998
18005,2.3050000000000006
18007,2.682000000000001
18009,5.695999999999999
18011,-0.4229999999999999
18013,2.1750000000000016
18015,0.28900000000000126
18017,3.373999999999997
18019,1.4509999999999992
18021,1.4979999999999993
18023,0.8619999999999999
18025,3.9490000000000025
18027,3.2420000000000018
18029,0.5390000000000009
18031,0.6740000000000005
18033,1.8150000000000017
18035,1.2650000000000003
18037,1.531000000000001
18039,2.0290000000000026
18041,1.0620000000000012
18043,1.1809999999999996
18045,1.4300000000000024
18047,0.2969999999999985
18049,5.553000000000004
18051,4.091000000000003
18053,4.6870000000000065
18055,3.416999999999998
18057,1.0970000000000015
18059,4.114000000000003
18061,3.2650000000000006
18063,1.5180000000000005
18065,2.5979999999999994
18067,4.284000000000005
18069,0.8050000000000022
18071,6.916000000000002
18073,1.1889999999999998
18075,3.490999999999997
18077,3.2460000000000027
18079,3.3650000000000007
18081,3.022999999999996
18083,1.243999999999999
18085,1.2890000000000008
18087,3.9330000000000043
18089,2.4750000000000028
18091,3.543000000000003
18093,6.75700000000001
18095,1.5039999999999978
18097,1.8250000000000028
18099,1.2209999999999996
18101,3.7289999999999974
18103,4.151000000000005
18105,-3.1039999999999996
18107,3.300999999999996
18109,3.2330000000000014
18111,3.9120000000000035
18113,3.488999999999998
18115,2.851999999999997
18117,1.8320000000000018
18119,2.2449999999999988
18121,2.198
18123,0.42899999999999944
18125,3.4659999999999958
18127,0.17600000000000016
18129,3.309000000000004
18131,2.121000000000001
18133,2.2769999999999975
18135,1.913000000000001
18137,2.583000000000004
18139,2.437
18141,-0.1590000000000002
18143,0.5839999999999981
18145,0.6719999999999984
18147,1.3750000000000007
18149,4.691999999999995
18151,3.2849999999999993
18153,2.8239999999999994
18155,2.617
18157,-1.0550000000000002
18159,2.3310000000000026
18161,2.046000000000002
18163,4.113000000000006
18165,0.7729999999999978
18167,1.527999999999998
18169,0.6339999999999995
18171,-1.5569999999999995
18173,-0.3279999999999997
18175,0.4440000000000005
18177,2.3789999999999996
18179,-0.45000000000000007
18181,2.968999999999998
18183,2.761999999999997
40001,4.245
40003,3.5669999999999993
40005,4.020999999999994
40007,5.686000000000003
40009,2.755
40011,5.140999999999991
40013,4.117999999999994
40015,3.1479999999999997
40017,2.363000000000005
40019,2.5389999999999966
40021,2.467999999999997
40023,2.2360000000000007
40025,2.2430000000000008
40027,0.9800000000000001
40029,4.3600000000000065
40031,3.0729999999999986
40033,3.4800000000000035
40035,-0.35499999999999643
40037,3.8229999999999977
40039,0.9219999999999996
40041,2.73
40043,2.5810000000000026
40045,1.0569999999999973
40047,3.4759999999999986
40049,6.3179999999999925
40051,0.8680000000000035
40053,6.284000000000001
40055,2.297000000000006
40057,5.571000000000002
40059,5.5990000000000055
40061,2.6390000000000047
40063,2.97
40065,0.7559999999999997
40067,4.769000000000004
40069,5.478
40071,-1.713000000000003
40073,-0.30599999999999816
40075,0.5320000000000004
40077,3.2409999999999974
40079,7.466000000000003
40081,5.212000000000007
40083,1.369000000000002
40085,3.1129999999999995
40087,0.8540000000000001
40089,2.0039999999999996
40091,2.915999999999998
40093,3.798000000000003
40095,2.4710000000000027
40097,2.454999999999995
40099,5.262000000000004
40101,2.7540000000000022
40103,2.784
40105,3.707000000000004
40107,3.1320000000000006
40109,1.9280000000000026
40111,2.8930000000000007
40113,3.806999999999998
40115,1.8529999999999986
40117,1.3719999999999992
40119,-0.3949999999999988
40121,2.2530000000000014
40123,2.046999999999999
40125,2.0580000000000003
40127,0.709
40129,0.9070000000000001
40131,1.2079999999999982
40133,2.400000000000003
40135,3.1829999999999945
40137,2.131999999999996
40139,1.507000000000001
40141,3.666999999999998
40143,2.785
40145,3.9149999999999947
40147,-0.3539999999999994
40149,9.114999999999986
40151,3.4620000000000033
40153,6.637000000000003
48001,4.415000000000004
48003,1.0088749999999995
48005,3.033000000000001
48007,2.030999999999999
48009,3.286000000000003
48011,2.980999999999997
48013,1.5659999999999976
48015,0.26400000000000023
48017,2.3919999999999977
48019,1.9579999999999995
48021,2.82
48023,1.4339999999999995
48025,1.3590000000000004
48027,1.7730000000000006
48029,1.811466666666663
48031,2.4359999999999964
48033,1.5478
48035,4.606000000000002
48037,2.9030000000000014
48039,2.8990000000000014
48041,1.245000000000001
48043,2.075999999999998
48045,2.2010000000000023
48047,2.8539999999999965
48049,2.3659999999999957
48051,2.2930000000000015
48053,3.5879999999999996
48055,1.2479999999999971
48057,1.6889999999999998
48059,0.545999999999998
48061,3.8690000000000033
48063,3.2900000000000045
48065,2.0779999999999985
48067,1.7180000000000029
48069,2.7620000000000022
48071,3.459000000000005
48073,1.8390000000000009
48075,2.619999999999998
48077,2.349
48079,1.4064999999999999
48081,2.228000000000002
48083,2.980000000000002
48085,1.9019999999999972
48087,2.367000000000004
48089,2.8759999999999994
48091,3.5299999999999967
48093,3.5169999999999972
48095,2.1430000000000002
48097,1.6459999999999995
48099,3.083999999999995
48101,2.8179999999999983
48103,1.051999999999999
48105,2.2779999999999982
48107,1.3970000000000007
48109,2.883999999999999
48111,3.489999999999999
48113,0.24199999999999938
48115,3.175000000000004
48117,4.355000000000003
48119,1.7250000000000003
48121,-2.2019999999999977
48123,3.7770000000000037
48125,1.070999999999999
48127,3.073000000000001
48129,3.9800000000000013
48131,2.4369999999999963
48133,3.9959999999999964
48135,1.915999999999999
48137,1.2890000000000001
48139,-0.02499999999999993
48141,2.1350000000000016
48143,2.678999999999998
48145,2.3659999999999974
48147,4.094
48149,2.4749999999999996
48151,1.6070000000000004
48153,1.7749999999999988
48155,1.3890000000000002
48157,-0.3379999999999989
48159,1.5641964285714274
48161,1.4139999999999997
48163,3.641999999999996
48165,3.5709999999999953
48167,-0.7510000000000007
48169,2.0399999999999974
48171,4.503000000000005
48173,1.5570000000000004
48175,4.481000000000003
48177,4.301000000000004
48179,-0.3429999999999997
48181,3.6110000000000038
48183,4.5129999999999955
48185,2.517000000000002
48187,3.387000000000001
48189,1.0459999999999985
48191,3.5909999999999944
48193,4.541999999999996
48195,2.057
48197,3.187999999999999
48199,4.847000000000003
48201,1.1300000000000012
48203,2.880999999999999
48205,1.2895
48207,2.141000000000003
48209,-0.5793333333333305
48211,3.3799999999999994
48213,2.967999999999998
48215,5.934000000000002
48217,1.4500000000000002
48219,2.613
48221,0.06800000000000075
48223,1.3049999999999988
48225,2.1390000000000016
48227,1.6590000000000007
48229,2.4624499999999974
48231,2.5720000000000005
48233,3.848000000000001
48235,2.7889999999999975
48237,1.5669999999999988
48239,4.703000000000005
48241,3.0509999999999997
48243,1.8859999999999986
48245,4.942999999999994
48247,2.821
48249,1.7590000000000003
48251,2.431999999999996
48253,2.4990000000000006
48255,2.0399999999999987
48257,2.3840000000000017
48259,3.1679999999999957
48261,2.0028003246753237
48263,2.621924999999999
48265,0.5009999999999999
48267,3.4240000000000013
48269,2.0028003246753237
48271,2.157999999999997
48273,2.7908750000000038
48275,2.421999999999999
48277,6.254999999999992
48279,1.9880000000000015
48281,1.6939999999999993
48283,2.1630000000000003
48285,4.726000000000004
48287,3.1230000000000007
48289,2.1859999999999995
48291,1.3400000000000005
48293,4.698000000000002
48295,2.835999999999999
48297,2.657000000000001
48299,2.9280000000000035
48301,2.0028003246753237
48303,1.710000000000001
48305,2.530000000000004
48307,3.3840000000000003
48309,0.22000000000000128
48311,4.058999999999995
48313,1.6979999999999986
48315,3.699999999999995
48317,3.101999999999998
48319,1.9459999999999977
48321,3.716999999999995
48323,2.831000000000001
48325,2.2749999999999977
48327,2.1239999999999988
48329,3.1129999999999973
48331,2.9759999999999986
48333,1.928999999999997
48335,-0.04300000000000093
48337,1.1319999999999992
48339,3.194
48341,2.7110000000000025
48343,3.862000000000003
48345,1.7639999999999996
48347,2.9650000000000016
48349,4.442999999999998
48351,1.2255000000000011
48353,2.144000000000002
48355,2.876000000000001
48357,3.4529999999999967
48359,3.6830000000000007
48361,1.7631083333333317
48363,1.0829999999999989
48365,3.821
48367,2.8799999999999972
48369,2.9569999999999976
48371,3.4910000000000014
48373,2.5150000000000023
48375,0.13999999999999996
48377,1.8750000000000009
48379,2.0960000000000023
48381,1.5109999999999975
48383,2.5330000000000026
48385,3.478000000000004
48387,2.781
48389,2.1569999999999974
48391,2.617999999999999
48393,2.0028003246753237
48395,1.6821964285714273
48397,0.6530000000000001
48399,1.4649999999999965
48401,5.881
48403,2.344000000000002
48405,4.287999999999996
48407,2.519
48409,3.9949999999999948
48411,2.807000000000002
48413,2.0890000000000013
48415,1.5420000000000025
48417,5.596999999999992
48419,4.332999999999996
48421,3.289000000000003
48423,0.42099999999999826
48425,2.198
48427,2.9669999999999974
48429,2.6630000000000007
48431,3.632000000000005
48433,2.8879999999999986
48435,2.4400000000000013
48437,2.5980000000000016
48439,1.4780000000000006
48441,3.288999999999999
48443,2.9589999999999974
48445,4.234999999999995
48447,2.427199999999999
48449,2.491196428571431
48451,-0.10700000000000126
48453,-0.6299999999999999
48455,2.991000000000004
48457,4.822999999999999
48459,3.4945000000000017
48461,3.1960000000000037
48463,3.018999999999999
48465,2.5130000000000035
48467,4.775
48469,4.435000000000005
48471,0.15199999999999858
48473,1.7239999999999969
48475,2.813999999999999
48477,1.392999999999999
48479,2.599999999999998
48481,0.7790000000000029
48483,2.268999999999998
48485,1.6370000000000007
48487,2.017999999999998
48489,1.322000000000002
48491,3.5947999999999976
48493,0.6999999999999988
48495,3.265
48497,1.9969999999999988
48499,2.875
48501,1.8789999999999998
48503,1.0539999999999998
48505,3.139999999999998
48507,2.1519999999999992
39001,0.33099999999999924
39003,1.8100000000000005
39005,1.324000000000003
39007,0.24999999999999978
39009,-1.2849999999999964
39011,3.6790000000000003
39013,3.380999999999998
39015,4.578000000000002
39017,0.795
39019,3.6770000000000005
39021,4.540999999999996
39023,1.4889999999999985
39025,-0.038999999999998564
39027,4.171999999999994
39029,-0.17999999999999916
39031,2.3859999999999975
39033,1.011
39035,2.1740000000000017
39037,2.1289999999999965
39039,3.802000000000004
39041,1.4769999999999999
39043,1.6979999999999997
39045,1.4470000000000018
39047,2.257999999999996
39049,-0.6860000000000013
39051,1.875999999999999
39053,1.3539999999999994
39055,0.2990000000000003
39057,0.6560000000000002
39059,5.475000000000005
39061,1.8189999999999997
39063,0.8929999999999996
39065,2.701
39067,0.3649999999999979
39069,0.36199999999999916
39071,3.012
39073,2.2439999999999976
39075,0.30399999999999866
39077,2.5909999999999966
39079,4.622999999999994
39081,1.680000000000001
39083,4.500000000000004
39085,-1.494000000000004
39087,3.3419999999999965
39089,-0.028999999999999096
39091,1.2289999999999996
39093,-0.40900000000000103
39095,1.6630000000000016
39097,-0.7089999999999974
39099,1.945
39101,3.0769999999999995
39103,0.8030000000000005
39105,3.5999999999999996
39107,-0.6539999999999998
39109,2.5439999999999974
39111,2.510000000000001
39113,2.1930000000000014
39115,1.7419999999999984
39117,5.4129999999999985
39119,2.4350000000000005
39121,2.4259999999999993
39123,0.9150000000000013
39125,0.8440000000000002
39127,4.656000000000005
39129,3.5440000000000005
39131,1.313999999999998
39133,0.23299999999999957
39135,3.003999999999999
39137,1.3109999999999993
39139,4.17
39141,3.442000000000002
39143,1.86
39145,3.9569999999999994
39147,5.541999999999998
39149,3.1600000000000006
39151,0.5469999999999999
39153,0.9720000000000004
39155,4.6700000000000035
39157,5.192000000000003
39159,0.32700000000000273
39161,5.742999999999999
39163,0.9910000000000008
39165,2.275999999999999
39167,2.0939999999999994
39169,-1.7420000000000015
39171,2.543000000000002
39173,0.848
39175,3.4909999999999997
49001,2.3279999999999994
49003,2.8439999999999994
49005,-0.6730000000000004
49007,1.8310000000000008
49009,0.7360000000000002
49011,1.4250000000000032
49013,0.2519999999999998
49015,-1.5800000000000003
49017,2.523000000000003
49019,0.8119999999999993
49021,0.25799999999999923
49023,1.3779999999999974
49025,-0.22899999999999857
49027,4.434999999999997
49029,1.0720000000000016
49031,-1.069000000000002
49033,1.009000000000001
49035,1.7070000000000005
49037,0.5160000000000002
49039,-0.769000000000001
49041,5.0930000000000035
49043,-0.16100000000000064
49045,0.038999999999999854
49047,1.1879999999999997
49049,-0.35700000000000015
49051,1.302000000000001
49053,0.5489999999999999
49055,-0.26100000000000045
49057,1.3400000000000003
38001,4.8089666666666595
38003,3.7550000000000012
38005,3.199
38007,1.7854666666666656
38009,2.1972000000000014
38011,3.0869999999999957
38013,1.2888333333333337
38015,4.0399999999999965
38017,0.5860000000000002
38019,3.3527999999999984
38021,4.749000000000004
38023,0.9285499999999998
38025,0.4279999999999998
38027,4.073000000000001
38029,3.7827999999999973
38031,2.4850000000000008
38033,2.131466666666667
38035,1.0520000000000005
38037,3.1944047619047593
38039,2.6694999999999998
38041,3.6329999999999933
38043,1.2888333333333337
38045,4.691999999999994
38047,4.843999999999993
38049,0.9416047619047615
38051,3.016000000000004
38053,3.232999999999998
38055,3.640999999999997
38057,2.0609999999999995
38059,2.753000000000002
38061,2.741
38063,3.2730000000000037
38065,2.7769999999999997
38067,2.7458000000000005
38069,4.561000000000005
38071,2.9690000000000007
38073,3.679999999999996
38075,3.105999999999996
38077,2.6439999999999975
38079,3.4600000000000013
38081,3.3279999999999945
38083,2.8244666666666656
38085,3.2549999999999994
38087,0.819604761904762
38089,1.6779999999999973
38091,2.3029999999999973
38093,1.9099999999999968
38095,3.7055000000000025
38097,5.425499999999996
38099,2.7169999999999965
38101,2.717999999999996
38103,4.210999999999999
38105,4.924000000000006
56001,0.43900000000000133
56003,1.2260000000000006
56005,3.9129999999999963
56007,-1.6230000000000002
56009,1.1680000000000015
56011,2.1150000000000024
56013,1.0820000000000005
56015,1.7270000000000025
56017,-1.0159999999999987
56019,0.5500000000000015
56021,2.864000000000004
56023,1.942
56025,1.8630000000000015
56027,0.491
56029,1.986999999999999
56031,2.8929999999999954
56033,-0.16899999999999946
56035,-2.5600000000000027
56037,0.08899999999999832
56039,-0.2129999999999997
56041,0.6739999999999995
56043,0.968000000000001
56045,0.6289999999999982
21001,-0.6029999999999995
21003,2.7970000000000024
21005,1.9509999999999976
21007,4.083000000000002
21009,3.093
21011,0.7860000000000005
21013,2.078999999999997
21015,0.6179999999999972
21017,0.024999999999997982
21019,3.021999999999995
21021,2.3079999999999985
21023,0.45200000000000046
21025,4.2389999999999946
21027,5.443000000000005
21029,0.37200000000000233
21031,2.933000000000003
21033,0.24300000000000208
21035,-0.3059999999999997
21037,2.8059999999999996
21039,2.7360000000000024
21041,5.773000000000007
21043,-0.08899999999999875
21045,2.0079999999999942
21047,4.436999999999996
21049,2.8139999999999996
21051,2.623999999999997
21053,2.363999999999997
21055,1.228999999999996
21057,1.597999999999998
21059,-0.8269999999999996
21061,4.5569999999999995
21063,2.629999999999996
21065,1.8630000000000009
21067,-0.9480000000000007
21069,3.1990000000000016
21071,2.246
21073,1.4589999999999994
21075,2.8039999999999994
21077,0.8759999999999996
21079,2.5350000000000033
21081,1.2830000000000001
21083,-1.4680000000000024
21085,4.724999999999993
21087,3.632999999999996
21089,3.822999999999996
21091,1.7289999999999992
21093,1.1239999999999992
21095,5.343999999999999
21097,-0.26199999999999846
21099,2.230999999999999
21101,-0.05899999999999876
21103,-0.5409999999999996
21105,2.2119999999999984
21107,1.3899999999999992
21109,6.521000000000007
21111,0.03999999999999957
21113,2.87
21115,3.8249999999999993
21117,0.3750000000000012
21119,7.820000000000016
21121,2.3989999999999982
21123,0.3940000000000002
21125,-0.02799999999999804
21127,6.713999999999998
21129,-1.827
21131,5.8120000000000065
21133,2.0599999999999956
21135,2.423000000000006
21137,-1.2880000000000005
21139,2.0459999999999963
21141,2.742
21143,0.835
21145,1.0299999999999996
21147,2.2570000000000054
21149,4.576000000000004
21151,0.29300000000000176
21153,3.2640000000000033
21155,1.312000000000001
21157,0.15300000000000127
21159,4.935000000000007
21161,2.498000000000004
21163,2.0839999999999996
21165,1.0549999999999968
21167,1.558000000000001
21169,1.992999999999999
21171,0.12900000000000092
21173,1.3830000000000013
21175,1.241999999999994
21177,4.1269999999999945
21179,3.436999999999996
21181,-0.5640000000000016
21183,6.465999999999991
21185,1.8270000000000024
21187,1.0429999999999986
21189,5.688
21191,-0.7539999999999977
21193,2.1060000000000003
21195,2.450999999999999
21197,1.611000000000001
21199,3.236999999999997
21201,1.9169999999999996
21203,4.2120000000000015
21205,1.2160000000000004
21207,2.3120000000000034
21209,-0.09400000000000024
21211,1.0149999999999944
21213,0.2860000000000012
21215,-1.3659999999999979
21217,4.494999999999996
21219,1.1090000000000009
21221,-0.6770000000000003
21223,2.0130000000000017
21225,0.703000000000004
21227,0.3699999999999992
21229,4.559000000000005
21231,3.117999999999999
21233,1.3900000000000026
21235,2.7819999999999987
21237,1.7860000000000003
21239,0.9490000000000033
5001,0.8650000000000024
5003,3.9429999999999996
5005,2.7560000000000007
5007,1.766000000000001
5009,2.133
5011,3.9859999999999975
5013,3.3210000000000024
5015,7.90100000000001
5017,3.3270000000000017
5019,2.1270000000000002
5021,1.7900000000000023
5023,3.6160000000000037
5025,4.304999999999999
5027,6.094999999999998
5029,5.956000000000007
5031,4.724
5033,4.279
5035,2.6470000000000016
5037,5.985
5039,2.5709999999999984
5041,4.711999999999994
5043,0.22199999999999995
5045,1.0620000000000005
5047,3.649999999999998
5049,3.1869999999999954
5051,3.5579999999999967
5053,3.639999999999996
5055,3.194
5057,6.931999999999995
5059,1.4709999999999996
5061,3.8040000000000007
5063,3.099
5065,5.475999999999992
5067,7.64299999999999
5069,1.5739999999999983
5071,3.668
5073,1.453999999999998
5075,2.2309999999999928
5077,0.4670000000000008
5079,3.3410000000000024
5081,0.7669999999999996
5083,6.202999999999991
5085,2.4030000000000005
5087,3.3800000000000017
5089,1.8219999999999987
5091,-0.3370000000000007
5093,2.9079999999999995
5095,5.356
5097,4.689999999999997
5099,2.737
5101,4.439999999999993
5103,4.906000000000005
5105,5.325999999999996
5107,2.930999999999999
5109,7.100999999999992
5111,5.868999999999999
5113,1.6829999999999996
5115,2.191999999999994
5117,4.622999999999999
5119,3.1049999999999955
5121,4.037999999999997
5123,5.138000000000002
5125,3.057999999999998
5127,1.7699999999999978
5129,2.4229999999999965
5131,5.216999999999996
5133,5.994999999999999
5135,5.978999999999996
5137,4.302999999999995
5139,4.609000000000006
5141,5.093000000000006
5143,1.6530000000000014
5145,4.643999999999994
5147,4.945000000000005
5149,3.3380000000000054
54001,1.1080000000000048
54003,3.4510000000000023
54005,2.844999999999995
54007,0.477
54009,2.5320000000000022
54011,2.265000000000002
54013,1.1149999999999987
54015,0.6770000000000003
54017,3.6210000000000035
54019,4.054999999999998
54021,3.845000000000004
54023,3.964000000000003
54025,4.129999999999999
54027,1.6820000000000028
54029,4.982000000000005
54031,2.387000000000004
54033,2.3529999999999998
54035,-1.1310000000000016
54037,1.9699999999999978
54039,2.428999999999998
54041,5.272000000000004
54043,2.5260000000000002
54045,5.584999999999999
54047,5.976000000000003
54049,3.1820000000000004
54051,2.0349999999999975
54053,4.537000000000001
54055,3.4219999999999953
54057,1.8819999999999981
54059,6.846999999999992
54061,1.0769999999999995
54063,2.0189999999999997
54065,3.903000000000006
54067,2.4349999999999996
54069,0.8020000000000022
54071,3.3930000000000007
54073,5.515000000000002
54075,1.8510000000000064
54077,4.320999999999995
54079,2.300999999999999
54081,2.877000000000001
54083,4.987999999999995
54085,2.247999999999998
54087,3.5459999999999967
54089,3.7149999999999994
54091,4.209999999999995
54093,4.677000000000004
54095,0.9740000000000034
54097,6.631999999999996
54099,4.977000000000001
54101,4.153000000000006
54103,2.092999999999997
54105,3.6560000000000032
54107,3.0400000000000005
54109,3.4400000000000017
51001,3.6379999999999986
51003,-0.09999999999999985
51005,3.3130000000000006
51007,1.3489999999999986
51009,2.7080000000000024
51011,1.2909999999999986
51013,-1.4940000000000029
51015,3.228999999999995
51017,3.3129999999999997
51019,3.733999999999997
51021,1.4240000000000004
51023,-0.7509999999999997
51025,2.1139999999999985
51027,-1.6620000000000021
51029,2.473999999999997
51031,3.182000000000001
51033,1.393999999999999
51035,1.6649999999999983
51036,2.971
51037,2.8680000000000008
51041,0.250999999999999
51043,2.040999999999997
51045,3.060999999999995
51047,0.9620000000000001
51049,0.3259999999999994
51051,2.167000000000002
51053,1.7460000000000024
51057,0.287999999999999
51059,-1.6330000000000013
51061,-0.12399999999999889
51063,1.42
51065,1.5319999999999996
51067,1.4989999999999992
51069,2.7770000000000006
51071,5.051999999999995
51073,5.897000000000002
51075,-0.6280000000000012
51077,4.357999999999993
51079,0.5650000000000012
51081,2.401000000000001
51083,4.02
51085,1.1810000000000007
51087,0.7970000000000005
51089,2.9550000000000005
51091,1.707000000000003
51093,-0.30399999999999805
51095,0.04200000000000124
51097,0.6930000000000001
51099,1.882999999999999
51101,1.021000000000001
51103,2.7189999999999976
51105,-2.735999999999996
51107,-0.7020000000000001
51109,4.499
51111,-2.894999999999996
51113,0.9689999999999996
51115,-0.2990000000000008
51117,1.9379999999999995
51119,-0.6769999999999999
51121,-1.2999999999999983
51125,2.316999999999999
51127,2.1150000000000007
51131,4.373999999999999
51133,-2.0309999999999993
51135,3.1300000000000034
51137,1.167999999999999
51139,0.36100000000000065
51141,2.5340000000000034
51143,3.4740000000000024
51145,3.359
51147,1.0230000000000004
51149,3.8090000000000037
51153,-1.5309999999999997
51155,5.019999999999993
51157,0.6880000000000002
51159,1.6939999999999984
51161,1.4509999999999987
51163,-2.0090000000000012
51165,-0.23500000000000112
51167,2.3160000000000025
51169,4.2149999999999945
51171,0.3800000000000013
51173,1.341000000000002
51175,3.387000000000004
51177,2.9339999999999997
51179,4.774999999999995
51181,2.3759999999999963
51183,3.9809999999999985
51185,0.26600000000000074
51187,0.5040000000000008
51191,4.934000000000008
51193,1.4789999999999994
51195,1.7109999999999992
51197,2.914000000000001
51199,-0.0290000000000018
51510,-0.14300000000000093
51515,3.277000000000003
51520,2.8730000000000033
51530,2.253999999999999
51540,-0.23200000000000057
51550,3.217000000000005
51570,0.5300000000000028
51580,2.3479999999999963
51590,4.425999999999994
51595,1.6910000000000058
51600,-2.915999999999997
51610,1.5470000000000004
51620,3.015999999999999
51630,2.3819999999999975
51640,1.8170000000000008
51650,-1.061000000000001
51660,-0.2570000000000005
51670,3.4029999999999956
51678,0.22699999999999954
51680,1.3620000000000005
51683,0.5709999999999998
51685,1.7930000000000021
51690,2.8749999999999996
51700,3.6379999999999977
51710,0.5179999999999979
51720,1.810999999999999
51730,2.592999999999999
51735,1.086999999999999
51740,3.086999999999999
51750,2.8309999999999973
51760,0.06000000000000185
51770,3.05
51775,-1.3759999999999986
51790,1.3209999999999993
51800,-0.07200000000000123
51810,1.1789999999999998
51820,1.7399999999999978
51830,1.166
51840,0.8480000000000001
31001,1.8459999999999999
31003,-0.4670000000000002
31005,1.322483730158731
31007,1.322483730158731
31009,-0.10692380952380959
31011,0.26333333333333325
31013,0.42499999999999993
31015,3.677000000000003
31017,0.9230000000000013
31019,0.5450000000000013
31021,2.0970000000000026
31023,0.6870000000000003
31025,4.129000000000004
31027,0.9219999999999999
31029,0.6866666666666643
31031,-1.2900000000000003
31033,1.6842499999999996
31035,0.38816666666666644
31037,2.025000000000003
31039,0.40299999999999964
31041,3.552999999999997
31043,1.3889999999999965
31045,0.44499999999999945
31047,2.276
31049,-0.4264999999999992
31051,0.4468333333333326
31053,1.4979999999999996
31055,0.4020000000000005
31057,3.4923333333333293
31059,2.143999999999997
31061,4.995000000000001
31063,2.1639999999999997
31065,1.0930000000000015
31067,2.9279999999999986
31069,2.987
31071,0.651999999999999
31073,4.202000000000003
31075,0.04013333333333348
31077,3.2360000000000047
31079,0.8000000000000008
31081,0.968999999999997
31083,3.0594999999999994
31085,0.09347857142857116
31087,2.551085714285712
31089,2.4195000000000007
31091,-1.1701666666666664
31093,2.1660000000000004
31095,4.191999999999997
31097,0.9632666666666672
31099,3.1044999999999994
31101,0.09100000000000033
31103,-0.5852499999999998
31105,2.5339999999999967
31107,2.143999999999999
31109,0.2650000000000016
31111,2.5189999999999975
31113,0.3746892857142862
31115,1.322483730158731
31117,1.322483730158731
31119,3.741595238095235
31121,3.0979999999999994
31123,1.9620000000000026
31125,1.9814999999999983
31127,3.9339999999999975
31129,2.1933333333333356
31131,2.2089999999999987
31133,2.398000000000003
31135,-0.13540000000000096
31137,4.038999999999999
31139,3.422000000000005
31141,1.1379999999999992
31143,-0.1979999999999988
31145,1.7179999999999958
31147,2.7620000000000062
31149,2.815999999999997
31151,1.0363333333333347
31153,0.6590000000000003
31155,-0.11526190476190394
31157,2.1729999999999983
31159,1.3409999999999997
31161,1.8130000000000013
31163,3.782333333333328
31165,1.322483730158731
31167,1.7159999999999973
31169,0.7230000000000006
31171,0.09347857142857116
31173,5.227999999999996
31175,2.2410000000000014
31177,2.4130000000000016
31179,0.04013333333333348
31181,2.0439999999999974
31183,0.1094761904761909
31185,0.6750000000000006
34001,0.35199999999999976
34003,-0.02300000000000118
34005,0.953999999999999
34007,1.1750000000000005
34009,1.8620000000000025
34011,2.4729999999999994
34013,1.305000000000001
34015,3.0129999999999995
34017,0.03999999999999865
34019,1.61
34021,0.8999999999999986
34023,0.21000000000000058
34025,1.047
34027,0.00799999999999876
34029,0.6929999999999998
34031,0.26600000000000085
34033,1.5290000000000004
34035,0.09300000000000001
34037,-0.02199999999999896
34039,1.9410000000000016
34041,0.16500000000000065
8001,1.8390000000000006
8003,1.5220000000000005
8005,1.8560000000000023
8007,0.6350000000000001
8009,-2.5879999999999974
8011,2.4730000000000003
8013,0.5260000000000006
8014,-1.0745000000000002
8015,3.4089999999999963
8017,3.2490000000000028
8019,-1.7539999999999998
8021,4.398999999999997
8023,2.221000000000002
8025,2.291999999999998
8027,2.4459999999999993
8029,3.5759999999999956
8031,0.2990000000000002
8033,1.4491666666666672
8035,1.118999999999999
8037,-0.9100000000000011
8039,0.8260000000000005
8041,1.189999999999997
8043,1.1399999999999988
8045,2.636000000000002
8047,0.8260000000000006
8049,0.44900000000000007
8051,1.4199999999999977
8053,2.5775
8055,2.372999999999999
8057,0.22199999999999798
8059,1.1500000000000028
8061,1.3741666666666663
8063,0.856
8065,0.8279999999999985
8067,3.2569999999999992
8069,1.3929999999999974
8071,0.4089999999999997
8073,3.824999999999995
8075,1.5209999999999986
8077,2.354999999999998
8079,-0.3389999999999999
8081,5.170000000000004
8083,1.1129999999999989
8085,2.3919999999999995
8087,2.6950000000000034
8089,2.481000000000001
8091,0.09799999999999955
8093,2.714000000000004
8095,2.2715000000000005
8097,0.8039999999999998
8099,4.710000000000005
8101,2.3994999999999997
8103,5.022999999999994
8105,4.144
8107,1.881000000000002
8109,0.2639999999999995
8111,2.159999999999998
8113,1.3489999999999969
8115,1.5145000000000004
8117,-0.15000000000000013
8119,0.8600000000000003
8121,1.6610000000000007
8123,1.3019999999999996
8125,3.6030000000000024
36001,0.4810000000000006
36003,3.235000000000001
36005,0.5019999999999999
36007,-1.611000000000003
36009,-0.35700000000000087
36011,3.5670000000000033
36013,0.051000000000000656
36015,4.9110000000000005
36017,4.5360000000000005
36019,3.7290000000000005
36021,-0.36099999999999893
36023,0.472999999999998
36025,-0.05699999999999928
36027,-0.9559999999999982
36029,-0.5040000000000002
36031,1.9230000000000018
36033,2.8510000000000004
36035,1.1859999999999993
36037,0.6639999999999998
36039,1.4160000000000006
36041,1.8830000000000024
36043,1.0570000000000002
36045,-0.11100000000000175
36047,-1.0479999999999972
36049,0.5719999999999992
36051,1.3780000000000008
36053,2.360999999999997
36055,-0.704000000000001
36057,-2.9730000000000008
36059,0.8099999999999994
36061,-0.7330000000000001
36063,2.1520000000000032
36065,2.880000000000001
36067,0.677
36069,1.3279999999999996
36071,0.2730000000000019
36073,1.3459999999999985
36075,-0.2549999999999997
36077,-1.6269999999999998
36079,0.8489999999999989
36081,0.9329999999999989
36083,-1.828
36085,0.5479999999999992
36087,-2.9939999999999993
36089,-0.08799999999999972
36091,0.3870000000000019
36093,-0.5559999999999997
36095,1.0099999999999982
36097,1.2830000000000004
36099,0.42200000000000043
36101,0.5889999999999991
36103,-1.5329999999999981
36105,3.5509999999999993
36107,3.1720000000000015
36109,-0.05299999999999951
36111,0.05600000000000023
36113,-1.6979999999999986
36115,2.1979999999999973
36117,0.9989999999999984
36119,-0.6829999999999989
36121,-0.15099999999999913
36123,2.0280000000000005
26001,0.0669999999999985
26003,1.9459999999999966
26005,2.903
26007,2.6959999999999984
26009,1.4730000000000023
26011,2.040999999999999
26013,2.057999999999998
26015,2.163999999999998
26017,1.4269999999999985
26019,-0.3010000000000009
26021,5.171000000000006
26023,2.3059999999999987
26025,2.2259999999999995
26027,3.748999999999998
26029,0.31699999999999795
26031,0.545
26033,3.4999999999999933
26035,1.4879999999999995
26037,1.8400000000000054
26039,1.3109999999999993
26041,2.1659999999999977
26043,1.7380000000000013
26045,3.6829999999999967
26047,-0.4239999999999992
26049,1.5940000000000012
26051,4.685000000000002
26053,0.6420000000000013
26055,0.06999999999999894
26057,3.0710000000000015
26059,3.130999999999998
26061,1.9719999999999993
26063,1.9789999999999972
26065,0.1000000000000009
26067,4.005000000000001
26069,2.77
26071,1.0829999999999986
26073,0.5899999999999974
26075,0.5600000000000003
26077,0.4159999999999989
26079,1.9340000000000024
26081,0.7710000000000007
26083,1.8230000000000013
26085,1.110999999999999
26087,-0.7910000000000014
26089,-4.088999999999995
26091,1.3209999999999988
26093,2.462000000000002
26095,3.7470000000000017
26097,2.8440000000000003
26099,1.8360000000000019
26101,3.5589999999999975
26103,0.07799999999999926
26105,-0.3289999999999991
26107,2.5770000000000017
26109,3.042
26111,1.4499999999999995
26113,1.2409999999999977
26115,1.3780000000000003
26117,2.0439999999999965
26119,2.0279999999999974
26121,3.7219999999999995
26123,3.830000000000004
26125,0.1830000000000012
26127,2.7039999999999997
26129,5.081
26131,2.84
26133,3.217999999999998
26135,3.333000000000003
26137,5.085000000000003
26139,0.27799999999999875
26141,2.9910000000000014
26143,1.0179999999999996
26145,2.865
26147,1.742999999999998
26149,3.0680000000000054
26151,2.512000000000002
26153,0.7990000000000006
26155,1.688999999999998
26157,1.1329999999999998
26159,3.2040000000000015
26161,-0.8370000000000002
26163,-0.18500000000000125
26165,0.8410000000000006
22001,2.5720000000000023
22003,1.794000000000005
22005,2.4039999999999937
22007,1.8360000000000019
22009,3.897
22011,4.916000000000006
22013,2.787999999999999
22015,4.499999999999999
22017,3.09
22019,0.9369999999999954
22021,5.203000000000003
22023,3.5300000000000065
22025,4.256999999999994
22027,4.885000000000006
22029,4.856000000000005
22031,2.7440000000000055
22033,2.995999999999995
22035,5.689000000000004
22037,4.270999999999999
22039,3.856000000000003
22041,2.2140000000000004
22043,2.3249999999999993
22045,3.447999999999999
22047,4.794000000000005
22049,7.533999999999999
22051,2.4329999999999936
22053,1.572999999999999
22055,1.8189999999999997
22057,2.434000000000002
22059,6.265
22061,2.699
22063,5.305000000000006
22065,6.701999999999991
22067,3.6409999999999996
22069,3.5139999999999976
22071,3.319999999999997
22073,3.1689999999999983
22075,2.4370000000000003
22077,4.258000000000006
22079,4.835000000000003
22081,4.976000000000005
22083,3.235000000000003
22085,4.223000000000002
22087,3.9410000000000007
22089,3.882999999999993
22091,3.8710000000000027
22093,3.3909999999999973
22095,-1.3519999999999988
22097,6.7989999999999995
22099,1.5459999999999992
22101,2.497999999999995
22103,2.201000000000002
22105,5.013999999999993
22107,1.118999999999998
22109,2.958999999999998
22111,3.16
22113,0.5619999999999994
22115,3.654000000000005
22117,4.623000000000007
22119,0.12300000000000054
22121,5.443
22123,5.374000000000008
22125,3.738000000000002
22127,4.803999999999993
23001,1.8999999999999986
23003,2.9820000000000015
23005,1.100999999999999
23007,2.733999999999998
23009,-0.19700000000000004
23011,1.557999999999998
23013,0.385000000000002
23015,1.3490000000000015
23017,3.9059999999999984
23019,2.1750000000000025
23021,0.40600000000000025
23023,0.6729999999999989
23025,0.8009999999999994
23027,2.8810000000000002
23029,1.5130000000000021
23031,3.0309999999999997
28001,-0.19600000000000029
28003,1.9710000000000025
28005,1.8449999999999975
28007,2.7249999999999983
28009,2.3739999999999997
28011,-2.008
28013,2.7980000000000005
28015,-0.712999999999997
28017,1.4810000000000003
28019,0.19600000000000134
28021,1.6369999999999976
28023,0.5390000000000018
28025,2.227
28027,2.123000000000001
28029,1.1700000000000024
28031,-0.971
28033,2.6439999999999952
28035,0.17500000000000018
28037,1.8569999999999995
28039,0.39699999999999824
28041,1.8590000000000044
28043,2.1680000000000015
28045,-2.209000000000002
28047,0.7879999999999976
28049,1.6650000000000011
28051,3.6479999999999984
28053,1.5990000000000018
28055,0.07699999999999788
28057,1.4480000000000006
28059,-0.8010000000000019
28061,1.9000000000000024
28063,1.4400000000000035
28065,1.567
28067,1.3390000000000009
28069,0.3189999999999996
28071,1.9979999999999982
28073,2.4940000000000047
28075,-0.20199999999999851
28077,3.773000000000009
28079,2.7010000000000014
28081,-0.017999999999999367
28083,2.735
28085,2.0990000000000064
28087,1.6049999999999955
28089,1.1860000000000013
28091,1.256000000000002
28093,1.4739999999999973
28095,1.3180000000000012
28097,3.1070000000000073
28099,3.2969999999999997
28101,-2.5740000000000034
28103,3.406999999999999
28105,1.6469999999999998
28107,1.1980000000000022
28109,0.7499999999999989
28111,1.713
28113,0.12099999999999796
28115,0.3669999999999983
28117,-0.5289999999999994
28119,2.3080000000000034
28121,0.17599999999999902
28123,-0.773999999999997
28125,0.9559999999999996
28127,4.874000000000009
28129,2.716
28131,-0.3009999999999999
28133,2.133999999999996
28135,2.511000000000001
28137,0.497999999999997
28139,1.8429999999999964
28141,6.926999999999998
28143,1.0059999999999991
28145,1.6110000000000004
28147,0.6419999999999976
28149,0.6129999999999963
28151,3.0270000000000006
28153,2.7520000000000038
28155,2.5099999999999976
28157,2.434000000000006
28159,0.7639999999999998
28161,2.786999999999998
28163,2.156999999999999
13001,3.219000000000003
13003,4.308000000000005
13005,2.4140000000000046
13007,0.37457142857142495
13009,2.019
13011,-0.15699999999999825
13013,4.523999999999994
13015,4.5320000000000045
13017,2.4500000000000024
13019,2.284999999999998
13021,0.2569999999999998
13023,0.7161666666666666
13025,5.026999999999994
13027,3.4659999999999993
13029,0.46100000000000135
13031,3.3079999999999967
13033,-0.038000000000001324
13035,1.841000000000002
13037,1.4330000000000056
13039,3.7039999999999975
13043,2.323999999999998
13045,0.3030000000000001
13047,-1.2440000000000007
13049,1.7929999999999975
13051,0.33200000000000074
13053,-0.45199999999999885
13055,5.704999999999997
13057,1.1930000000000005
13059,-0.41599999999999837
13061,-1.3059999999999985
13063,4.047000000000004
13065,1.1350000000000018
13067,0.0669999999999996
13069,2.3329999999999997
13071,4.488999999999993
13073,1.2109999999999972
13075,-1.0600000000000007
13077,1.0210000000000001
13079,-0.47700000000000103
13081,-0.5830000000000001
13083,4.851000000000008
13085,1.6029999999999993
13087,0.18599999999999806
13089,1.1840000000000002
13091,0.661000000000001
13093,1.6990000000000065
13095,3.8299999999999956
13097,3.192999999999999
13099,0.88
13101,0.49483333333333346
13103,1.383000000000005
13105,0.7849999999999997
13107,1.818000000000001
13109,3.9050000000000025
13111,0.5510000000000002
13113,2.759000000000002
13115,-0.7060000000000008
13117,1.5370000000000001
13119,0.2049999999999993
13121,-0.6160000000000011
13123,0.05700000000000065
13125,2.2700000000000027
13127,-0.36599999999999994
13129,0.5680000000000001
13131,-0.04099999999999825
13133,0.2730000000000001
13135,0.9389999999999991
13137,3.045999999999999
13139,-0.2960000000000002
13141,1.3129999999999984
13143,1.9200000000000035
13145,0.4390000000000005
13147,1.0640000000000012
13149,2.2230000000000025
13151,0.715
13153,2.4519999999999973
13155,-1.0010000000000006
13157,1.4530000000000012
13159,0.4940000000000019
13161,1.4619999999999993
13163,2.575000000000001
13165,0.26599999999999974
13167,2.4630000000000014
13169,2.875999999999999
13171,2.9039999999999977
13173,1.6279999999999981
13175,2.4839999999999964
13177,3.5739999999999994
13179,2.4560000000000017
13181,2.4089999999999985
13183,0.4199999999999996
13185,-1.5130000000000001
13187,2.4460000000000024
13189,4.011000000000002
13191,2.155999999999996
13193,2.0709999999999997
13195,1.9869999999999992
13197,2.407999999999997
13199,2.413000000000002
13201,1.0601666666666667
13205,-0.47299999999999875
13207,2.3050000000000024
13209,4.846000000000001
13211,0.25999999999999984
13213,0.5479999999999978
13215,1.6909999999999985
13217,1.427000000000001
13219,2.405999999999998
13221,1.143999999999998
13223,1.3809999999999982
13225,2.7919999999999976
13227,0.4659999999999993
13229,0.7170000000000002
13231,0.4679999999999995
13233,1.1800000000000002
13235,1.3110000000000008
13237,1.8119999999999987
13239,0.6080000000000007
13241,4.401000000000006
13243,1.5289999999999961
13245,1.1150000000000044
13247,3.738000000000003
13249,0.8690000000000003
13251,3.620000000000003
13253,0.4500000000000004
13255,2.150000000000002
13257,-1.8380000000000003
13259,1.3419999999999999
13261,2.315999999999998
13263,1.3260000000000003
13265,1.5849999999999975
13267,3.551
13269,-0.4090000000000002
13271,1.519999999999999
13273,0.023999999999999667
13275,1.6769999999999987
13277,1.136999999999998
13279,2.7429999999999968
13281,0.5669999999999982
13283,2.0009999999999994
13285,-0.36500000000000016
13287,2.9640000000000004
13289,-0.6749999999999994
13291,0.5209999999999999
13293,3.9049999999999985
13295,2.4270000000000005
13297,2.4049999999999976
13299,4.232000000000005
13301,1.9309999999999992
13303,1.2690000000000017
13305,1.6889999999999972
13307,0.8804047619047622
13309,2.402000000000003
13311,1.7159999999999989
13313,0.826000000000001
13315,0.7189999999999968
13317,1.6059999999999997
13319,1.9799999999999982
13321,4.2600000000000025
1001,0.3319999999999987
1003,0.9630000000000015
1005,2.3189999999999973
1007,5.651000000000002
1009,0.7880000000000004
1011,5.155999999999999
1013,-0.0339999999999975
1015,-0.2749999999999998
1017,3.5870000000000033
1019,1.587000000000001
1021,1.4890000000000045
1023,1.5440000000000023
1025,0.8120000000000007
1027,4.545
1029,2.2999999999999985
1031,-1.4040000000000024
1033,1.5290000000000001
1035,2.7399999999999984
1037,4.940000000000003
1039,-0.8259999999999978
1041,3.4619999999999993
1043,2.98
1045,2.0540000000000065
1047,2.558
1049,0.08800000000000181
1051,1.726000000000001
1053,3.1459999999999995
1055,3.1280000000000023
1057,1.4479999999999984
1059,3.3519999999999994
1061,1.9829999999999997
1063,3.4879999999999973
1065,-1.3950000000000042
1067,2.4660000000000024
1069,0.7029999999999995
1071,-0.38200000000000034
1073,1.750000000000006
1075,1.526
1077,1.949000000000001
1079,3.0270000000000006
1081,-0.04400000000000134
1083,2.7630000000000012
1085,4.318000000000005
1087,1.7650000000000023
1089,0.5959999999999984
1091,4.430999999999994
1093,4.992000000000005
1095,5.752999999999999
1097,3.445000000000004
1099,1.3190000000000046
1101,0.5630000000000007
1103,-1.3269999999999964
1105,-0.4430000000000042
1107,2.171
1109,-0.24099999999999958
1111,1.7950000000000037
1113,-0.5560000000000029
1115,0.41999999999999943
1117,2.2230000000000034
1119,-0.0359999999999968
1121,2.091999999999998
1123,2.1169999999999973
1125,-0.18999999999999911
1127,-0.063000000000001
1129,1.4939999999999996
1131,3.188000000000001
1133,-0.49400000000000044
17001,7.1840000000000055
17003,4.357999999999995
17005,2.775999999999998
17007,5.350000000000008
17009,3.5649999999999973
17011,3.6489999999999965
17013,3.799999999999995
17015,4.454999999999996
17017,2.2969999999999957
17019,0.2060000000000004
17021,5.043000000000004
17023,4.467999999999996
17025,3.623000000000002
17027,1.5679999999999996
17029,2.957000000000001
17031,0.2259999999999996
17033,5.384999999999998
17035,4.543999999999996
17037,1.4179999999999975
17039,4.842999999999995
17041,3.5929999999999978
17043,1.4859999999999982
17045,4.799000000000006
17047,3.846000000000004
17049,2.5519999999999965
17051,8.005000000000006
17053,2.0869999999999997
17055,3.579
17057,3.638000000000001
17059,3.9290000000000047
17061,3.3819999999999983
17063,3.2620000000000005
17065,2.795000000000003
17067,2.8339999999999996
17069,5.038999999999999
17071,4.657999999999996
17073,4.138999999999995
17075,4.803999999999993
17077,3.858000000000004
17079,3.5779999999999985
17081,5.919999999999995
17083,4.6840000000000055
17085,3.055000000000003
17087,3.0820000000000003
17089,0.235
17091,4.552000000000006
17093,8.010000000000002
17095,-0.23700000000000127
17097,4.026000000000004
17099,1.374000000000001
17101,4.052999999999996
17103,4.404999999999993
17105,3.389
17107,3.790000000000001
17109,2.105
17111,1.425
17113,2.7959999999999945
17115,1.1940000000000028
17117,4.1240000000000006
17119,4.502000000000004
17121,7.136000000000004
17123,4.558999999999994
17125,4.137000000000005
17127,5.041
17129,3.5800000000000036
17131,3.4480000000000035
17133,6.0780000000000065
17135,2.6539999999999986
17137,4.293999999999994
17139,3.9729999999999963
17141,1.4589999999999992
17143,1.6030000000000026
17145,2.9499999999999975
17147,4.049
17149,4.975000000000001
17151,3.6759999999999993
17153,3.6989999999999963
17155,3.9419999999999966
17157,4.3130000000000015
17159,3.2510000000000048
17161,4.261000000000001
17163,3.2890000000000033
17165,4.9809999999999945
17167,2.0469999999999966
17169,4.3670000000000035
17171,4.279999999999994
17173,4.777999999999999
17175,4.696999999999996
17177,1.109000000000001
17179,2.772999999999999
17181,3.711000000000004
17183,8.54500000000001
17185,5.225
17187,5.945
17189,3.2060000000000013
17191,3.7320000000000033
17193,3.8519999999999963
17195,1.1929999999999998
17197,0.17200000000000037
17199,3.3410000000000015
17201,2.6429999999999985
17203,4.4089999999999945
42001,4.484000000000006
42003,-0.6869999999999995
42005,2.6309999999999967
42007,0.4449999999999995
42009,5.765999999999999
42011,0.7489999999999989
42013,0.16000000000000003
42015,2.5589999999999975
42017,1.2430000000000025
42019,3.6640000000000055
42021,-2.1329999999999982
42023,-0.15099999999999997
42025,5.529999999999993
42027,-1.151999999999999
42029,1.5359999999999987
42031,2.5579999999999976
42033,2.1869999999999994
42035,3.014000000000001
42037,3.2259999999999978
42039,3.877000000000004
42041,0.15199999999999914
42043,-0.02200000000000067
42045,-0.5419999999999989
42047,1.132
42049,0.7639999999999997
42051,2.7120000000000055
42053,3.7069999999999976
42055,1.1349999999999996
42057,3.361
42059,3.1510000000000016
42061,0.5679999999999997
42063,5.185000000000007
42065,1.843999999999999
42067,2.2150000000000025
42069,2.6499999999999995
42071,0.7199999999999999
42073,3.8070000000000044
42075,2.100999999999998
42077,2.191
42079,1.4689999999999992
42081,1.7540000000000011
42083,0.569
42085,4.027000000000004
42087,0.9749999999999995
42089,-0.558
42091,0.09399999999999903
42093,4.534999999999994
42095,0.3800000000000007
42097,4.556999999999996
42099,2.935
42101,0.36899999999999983
42103,0.518
42105,2.444000000000003
42107,3.1020000000000016
42109,1.5860000000000019
42111,3.0910000000000006
42113,2.2119999999999993
42115,4.388000000000006
42117,0.6250000000000006
42119,0.9919999999999995
42121,3.247
42123,2.8169999999999997
42125,-1.9629999999999965
42127,4.351999999999997
42129,2.019000000000001
42131,2.3449999999999993
42133,1.126
24001,0.29599999999999954
24003,1.613999999999999
24005,0.9749999999999983
24009,2.3289999999999993
24011,2.572999999999997
24013,0.8530000000000001
24015,1.9680000000000026
24017,2.9930000000000008
24019,0.7509999999999976
24021,1.7839999999999971
24023,1.7529999999999988
24025,1.2670000000000032
24027,-0.6589999999999975
24029,0.9559999999999992
24031,0.6529999999999977
24033,0.6819999999999995
24035,2.0069999999999992
24037,0.8939999999999995
24039,2.4360000000000044
24041,2.725999999999997
24043,2.475000000000001
24045,2.4829999999999988
24047,2.402000000000003
24510,2.0149999999999966
30001,4.6349999999999945
30003,2.0359999999999996
30005,0.4879999999999963
30007,6.413000000000004
30009,-2.495000000000003
30011,1.344166666666666
30013,3.655999999999997
30015,0.195999999999999
30017,3.955999999999997
30019,2.580333333333331
30021,2.467999999999997
30023,1.9859999999999998
30025,2.092999999999997
30027,2.680999999999997
30029,0.7400000000000021
30031,1.4809999999999965
30033,0.8481666666666667
30035,2.8922499999999984
30037,1.8891666666666673
30039,1.7730000000000004
30041,2.556999999999997
30043,1.3539999999999994
30045,2.419433333333333
30047,1.4199999999999995
30049,2.207999999999997
30051,1.2404333333333322
30053,3.660000000000005
30055,0.5619999999999998
30057,0.5350000000000023
30059,-0.08099999999999997
30061,1.393
30063,2.1334999999999997
30065,4.184999999999999
30067,2.9610000000000003
30069,2.472500000000002
30071,3.8425000000000034
30073,2.1869999999999976
30075,2.796000000000001
30077,3.561999999999998
30079,1.2354000000000018
30081,1.770999999999999
30083,1.2570000000000001
30085,4.061999999999993
30087,-2.854000000000001
30089,3.1814999999999998
30091,2.856
30093,2.391000000000001
30095,1.8719999999999968
30097,2.0229999999999997
30099,0.188866666666665
30101,0.14783333333333332
30103,2.419433333333333
30105,3.1999999999999953
30107,0.45736666666666637
30109,4.553999999999997
30111,-0.05499999999999927
35001,0.2490000000000003
35003,2.5719999999999974
35005,1.85
35006,3.135
35007,4.396999999999994
35009,2.4820000000000033
35011,0.49700000000000216
35013,-1.2890000000000021
35015,1.4029999999999987
35017,0.49799999999999983
35019,3.6279999999999974
35021,0.5630000000000002
35023,3.936000000000005
35025,4.608999999999995
35027,2.2339999999999987
35028,2.3350000000000013
35029,-0.389
35031,-0.3740000000000016
35033,3.451000000000002
35035,0.776999999999999
35037,3.225
35039,1.3170000000000013
35041,1.0290000000000012
35043,0.5909999999999996
35045,2.3069999999999977
35047,3.0350000000000006
35049,1.018000000000001
35051,-1.032999999999998
35053,1.3840000000000001
35055,1.2749999999999984
35057,2.923999999999999
35059,4.547000000000006
35061,0.7760000000000002
41001,0.10799999999999997
41003,-1.484
41005,0.562
41007,4.2800000000000065
41009,1.8969999999999985
41011,-0.8000000000000004
41013,0.006000000000000058
41015,2.0179999999999993
41017,3.8639999999999937
41019,1.0020000000000004
41021,1.4470000000000007
41023,-0.386000000000001
41025,4.144000000000003
41027,-0.7129999999999999
41029,1.096000000000002
41031,2.324000000000003
41033,0.557
41035,2.780999999999996
41037,5.350999999999995
41039,1.5400000000000011
41041,2.777999999999998
41043,2.575999999999998
41045,0.22599999999999973
41047,4.267000000000005
41049,0.7409999999999971
41051,-1.4640000000000004
41053,2.5189999999999966
41055,2.253
41057,2.0329999999999986
41059,1.045000000000002
41061,2.638999999999997
41063,0.1469999999999999
41065,-3.943
41067,1.3750000000000007
41069,1.4110000000000014
41071,3.5429999999999984
10001,0.8690000000000037
10003,0.2360000000000018
10005,1.5860000000000016
16001,1.8259999999999996
16003,0.7439999999999997
16005,0.5589999999999999
16007,4.484
16009,2.711000000000001
16011,5.327999999999992
16013,3.850000000000004
16015,-1.8019999999999994
16017,2.550000000000004
16019,3.2970000000000033
16021,1.9099999999999977
16023,0.16900000000000184
16025,1.8949999999999987
16027,2.6270000000000007
16029,2.7990000000000013
16031,1.6190000000000029
16033,4.187999999999997
16035,3.377999999999998
16037,1.8189999999999997
16039,0.4720000000000011
16041,1.0320000000000003
16043,3.4629999999999956
16045,-0.03600000000000005
16047,4.179000000000005
16049,-0.40200000000000075
16051,2.862999999999998
16053,3.9459999999999975
16055,0.9910000000000013
16057,3.2160000000000015
16059,-0.2539999999999989
16061,1.996999999999998
16063,1.6369999999999993
16065,1.5500000000000012
16067,3.6669999999999954
16069,2.4249999999999976
16071,6.810000000000001
16073,3.6950000000000016
16075,3.700999999999997
16077,4.391000000000005
16079,1.8699999999999974
16081,3.687000000000004
16083,1.6360000000000001
16085,-0.775
16087,4.899000000000006
29001,2.281999999999999
29003,-0.613
29005,2.722000000000003
29007,3.7539999999999973
29009,2.622999999999999
29011,2.249000000000003
29013,4.895000000000006
29015,2.478
29017,4.2769999999999975
29019,0.26999999999999946
29021,1.9570000000000014
29023,4.632000000000006
29025,6.308000000000006
29027,2.644000000000002
29029,1.0019999999999987
29031,2.869000000000002
29033,4.7410000000000005
29035,3.9740000000000038
29037,1.147999999999999
29039,3.589000000000001
29041,2.673999999999998
29043,1.9549999999999983
29045,3.756
29047,0.689
29049,3.0729999999999995
29051,2.157999999999998
29053,3.5230000000000046
29055,2.3949999999999987
29057,5.765000000000008
29059,3.3239999999999994
29061,3.331999999999999
29063,5.095999999999995
29065,4.257999999999995
29067,1.8690000000000004
29069,1.756000000000001
29071,2.6870000000000016
29073,2.447999999999997
29075,2.372000000000004
29077,0.3459999999999999
29079,4.544999999999996
29081,3.0059999999999945
29083,1.412000000000002
29085,2.648000000000004
29087,2.4340000000000024
29089,3.6020000000000056
29091,2.0249999999999995
29093,2.454999999999997
29095,0.6090000000000001
29097,1.4830000000000023
29099,0.8120000000000018
29101,-0.11600000000000019
29103,3.256000000000002
29105,2.539000000000004
29107,1.6650000000000005
29109,1.9949999999999988
29111,5.093000000000004
29113,2.1850000000000005
29115,1.1029999999999986
29117,1.0110000000000015
29119,-0.49700000000000016
29121,1.7299999999999982
29123,5.213000000000001
29125,2.669000000000003
29127,4.947000000000008
29129,5.754000000000006
29131,4.2069999999999945
29133,2.562999999999998
29135,1.048999999999999
29137,2.2900000000000005
29139,2.556000000000003
29141,0.08199999999999914
29143,3.299000000000004
29145,2.694000000000002
29147,0.9440000000000005
29149,2.7039999999999997
29151,2.6980000000000035
29153,2.779000000000004
29155,1.896000000000002
29157,1.9870000000000019
29159,4.183000000000001
29161,0.8460000000000016
29163,1.7459999999999984
29165,1.8359999999999979
29167,2.1600000000000055
29169,0.8230000000000004
29171,3.235000000000002
29173,3.398999999999999
29175,2.0470000000000006
29177,4.286000000000004
29179,3.0400000000000063
29181,4.536000000000008
29183,0.23099999999999873
29185,1.9489999999999998
29186,-0.4670000000000003
29187,2.4629999999999996
29189,-0.4179999999999993
29195,5.677999999999993
29197,2.770999999999998
29199,3.8509999999999978
29201,4.004999999999999
29203,3.9439999999999964
29205,2.2829999999999955
29207,4.121000000000004
29209,4.179000000000007
29211,3.654000000000004
29213,0.3010000000000001
29215,0.7419999999999993
29217,1.8650000000000007
29219,-0.5809999999999998
29221,4.763999999999998
29223,3.0610000000000004
29225,2.598999999999997
29227,2.786
29229,4.928000000000006
29510,-0.5429999999999994
6001,0.1389999999999999
6003,-0.7690000000000025
6005,0.8509999999999996
6007,0.8619999999999993
6009,0.8310000000000031
6011,-0.5260000000000017
6013,-1.2090000000000025
6015,-0.8529999999999995
6017,-0.9900000000000024
6019,0.5170000000000006
6021,-0.9600000000000007
6023,-0.481000000000001
6025,-0.8940000000000008
6027,0.3839999999999998
6029,-0.20999999999999996
6031,-2.9640000000000013
6033,0.4620000000000003
6035,-2.206
6037,-0.35099999999999926
6039,-0.556
6041,0.6129999999999992
6043,-1.7470000000000028
6045,1.239000000000001
6047,-1.350999999999997
6049,1.0909999999999984
6051,0.9769999999999999
6053,0.96
6055,1.8840000000000021
6057,-0.615
6059,0.627
6061,1.957000000000001
6063,0.584999999999999
6065,-0.6779999999999999
6067,-0.502999999999998
6069,-0.6760000000000008
6071,0.08199999999999877
6073,-1.008
6075,-1.0390000000000001
6077,-0.9140000000000036
6079,0.08899999999999984
6081,0.12700000000000156
6083,-0.08300000000000002
6085,-0.4199999999999999
6087,2.0450000000000004
6089,0.08700000000000024
6091,-1.055
6093,-2.3270000000000035
6095,0.08599999999999966
6097,1.0370000000000004
6099,1.5060000000000004
6101,1.5799999999999996
6103,3.4630000000000036
6105,1.8269999999999988
6107,-0.9329999999999993
6109,-0.36999999999999866
6111,-1.1719999999999997
6113,-4.353000000000001
6115,-4.426000000000003
27001,0.22600000000000162
27003,1.0300000000000002
27005,0.8210000000000006
27007,-0.4850000000000004
27009,1.0990000000000015
27011,2.3019999999999983
27013,0.8230000000000001
27015,0.47000000000000014
27017,0.1660000000000009
27019,-1.4149999999999978
27021,0.3429999999999997
27023,0.9230000000000007
27025,2.0639999999999996
27027,-0.29199999999999915
27029,2.033000000000002
27031,-1.1379999999999992
27033,1.8900000000000012
27035,1.14
27037,0.3400000000000004
27039,0.8509999999999998
27041,-0.2770000000000005
27043,-0.8870000000000011
27045,-1.4979999999999998
27047,2.0129999999999995
27049,1.8689999999999978
27051,2.075
27053,0.5760000000000002
27055,-0.6149999999999985
27057,0.4779999999999997
27059,-0.6680000000000003
27061,1.0149999999999986
27063,1.938999999999999
27065,-1.0830000000000006
27067,1.6019999999999979
27069,1.707999999999999
27071,-1.4640000000000006
27073,1.8229999999999984
27075,0.8900000000000005
27077,0.8850000000000027
27079,3.854000000000002
27081,1.7629999999999988
27083,0.14099999999999846
27085,3.9569999999999976
27087,1.3750000000000018
27089,2.0010000000000026
27091,2.727000000000002
27093,-0.06800000000000023
27095,4.304
27097,1.500000000000001
27099,1.9259999999999982
27101,1.6859999999999997
27103,2.2520000000000002
27105,1.493
27107,2.9399999999999977
27109,-2.034999999999998
27111,-0.7940000000000006
27113,-0.2230000000000005
27115,2.8650000000000024
27117,0.276000000000001
27119,3.238000000000003
27121,2.4850000000000025
27123,0.2440000000000004
27125,2.5440000000000027
27127,3.573000000000001
27129,2.304000000000003
27131,1.1980000000000008
27133,0.311
27135,2.4500000000000006
27137,-1.719999999999999
27139,-2.6319999999999966
27141,-0.02599999999999861
27143,2.8820000000000023
27145,0.23400000000000046
27147,-0.8390000000000001
27149,1.2799999999999978
27151,0.14300000000000032
27153,1.2469999999999997
27155,2.7509999999999994
27157,4.0939999999999985
27159,1.2770000000000032
27161,1.5719999999999996
27163,0.6299999999999996
27165,2.1259999999999977
27167,1.7259999999999998
27169,-0.8399999999999979
27171,1.1479999999999984
27173,1.3520000000000019
44001,1.655000000000002
44003,2.2239999999999984
44005,1.4250000000000005
44007,2.429
44009,2.6379999999999972
32001,0.38600000000000023
32003,-0.12100000000000026
32005,0.7579999999999972
32007,0.41399999999999865
32009,1.1359999999999986
32011,0.2100000000000007
32013,-3.1049999999999964
32015,-1.5379999999999998
32017,-1.8420000000000005
32019,1.157999999999998
32021,-2.613000000000001
32023,-0.27599999999999897
32027,-3.141000000000006
32029,0.3919999999999984
32031,0.501999999999997
32033,-6.400999999999993
32510,0.2700000000000012
50001,1.8439999999999974
50003,2.325999999999997
50005,3.2470000000000017
50007,1.9389999999999998
50009,2.9649999999999994
50011,1.544999999999999
50013,1.264000000000003
50015,1.7439999999999984
50017,0.5390000000000001
50019,2.686999999999996
50021,2.3490000000000006
50023,1.7549999999999975
50025,0.20500000000000151
50027,-0.2860000000000003
45001,2.8990000000000014
45003,1.1410000000000002
45005,5.707999999999999
45007,3.471999999999998
45009,3.919000000000003
45011,2.2869999999999986
45013,1.6160000000000014
45015,0.4090000000000017
45017,2.3680000000000057
45019,-0.03699999999999946
45021,3.484999999999997
45023,5.120000000000007
45025,2.1819999999999937
45027,3.1929999999999996
45029,4.187999999999996
45031,2.5779999999999994
45033,2.330000000000005
45035,1.1970000000000005
45037,0.3049999999999999
45039,3.7720000000000016
45041,3.1219999999999986
45043,2.340000000000002
45045,2.6949999999999976
45047,0.41199999999999876
45049,3.255999999999995
45051,1.3969999999999998
45053,3.2939999999999965
45055,0.6029999999999993
45057,1.3909999999999996
45059,4.0219999999999985
45061,5.958000000000003
45063,3.486999999999997
45065,1.587999999999999
45067,2.380000000000001
45069,-0.4610000000000005
45071,0.1610000000000003
45073,1.5819999999999976
45075,2.394999999999998
45077,2.8640000000000017
45079,2.134999999999999
45081,4.152999999999993
45083,0.6259999999999992
45085,0.2700000000000019
45087,2.9300000000000024
45089,3.0569999999999995
45091,0.5210000000000004
9001,2.211000000000004
9003,2.9690000000000003
9005,2.473999999999998
9007,1.1699999999999988
9009,1.4790000000000003
9011,2.7769999999999975
9013,1.3149999999999995
9015,1.3990000000000007
47001,2.522999999999999
47003,2.757999999999999
47005,2.489999999999996
47007,-0.22700000000000084
47009,2.4059999999999975
47011,2.559
47013,-0.33000000000000107
47015,0.4069999999999997
47017,-1.3690000000000029
47019,-2.8350000000000013
47021,2.1959999999999975
47023,0.8009999999999987
47025,3.49
47027,1.5089999999999997
47029,0.1320000000000025
47031,4.023000000000005
47033,1.6209999999999996
47035,1.544000000000001
47037,2.0769999999999977
47039,6.093999999999995
47041,0.9550000000000003
47043,4.607999999999995
47045,-0.5640000000000002
47047,-0.47200000000000003
47049,4.110000000000003
47051,5.329070518200751e-16
47053,-1.4169999999999994
47055,1.2180000000000006
47057,1.1169999999999995
47059,0.35800000000000165
47061,0.7550000000000007
47063,-0.49099999999999994
47065,1.0589999999999973
47067,0.4450000000000013
47069,0.2570000000000022
47071,2.8950000000000005
47073,0.9680000000000004
47075,3.9329999999999927
47077,3.186000000000003
47079,3.479000000000006
47081,2.2900000000000005
47083,3.1710000000000003
47085,1.5169999999999992
47087,0.546000000000002
47089,0.026999999999999708
47091,0.882000000000001
47093,0.8729999999999967
47095,3.574000000000004
47097,3.245000000000006
47099,1.6029999999999995
47101,2.012
47103,-0.9700000000000004
47105,-0.8920000000000017
47107,3.134000000000001
47109,2.6419999999999977
47111,1.5619999999999985
47113,3.162999999999994
47115,-1.7080000000000024
47117,1.3159999999999943
47119,3.306000000000001
47121,-0.7010000000000001
47123,4.0219999999999985
47125,-0.6250000000000004
47127,2.2010000000000014
47129,1.0629999999999968
47131,1.0659999999999987
47133,1.617999999999999
47135,0.29900000000000093
47137,1.3430000000000006
47139,1.3849999999999998
47141,3.086000000000001
47143,2.7529999999999966
47145,0.3169999999999977
47147,3.193999999999998
47149,2.232000000000003
47151,-0.3409999999999988
47153,0.4819999999999993
47155,1.7109999999999979
47157,0.26699999999999824
47159,4.101000000000005
47161,-0.6959999999999975
47163,-0.18200000000000052
47165,0.5489999999999986
47167,0.33400000000000274
47169,1.2979999999999998
47171,1.2559999999999985
47173,1.7490000000000012
47175,0.8469999999999994
47177,-0.40899999999999975
47179,2.751000000000001
47181,2.512
47183,0.9519999999999993
47185,-0.558999999999999
47187,-0.2439999999999995
47189,1.1550000000000051
