Date-Time,Value,Unit,Commodity
2024-01-01,203.8791304,Cents per Pound,Coffee
2023-12-01,210.3104762,Cents per Pound,Coffee
2023-11-01,197.4331818,Cents per Pound,Coffee
2023-10-01,183.9513636,Cents per Pound,Coffee
2023-09-01,183.5890476,Cents per Pound,Coffee
2023-08-01,186.3469565,Cents per Pound,Coffee
2023-07-01,193.4942857,Cents per Pound,Coffee
2023-06-01,207.385,Cents per Pound,Coffee
2023-05-01,220.1213043,Cents per Pound,Coffee
2023-04-01,229.9555,Cents per Pound,Coffee
2023-03-01,222.663913,Cents per Pound,Coffee
2023-02-01,229.506,Cents per Pound,Coffee
2023-01-01,206.76,Cents per Pound,Coffee
2022-12-01,210.3886364,Cents per Pound,Coffee
2022-11-01,213.7181818,Cents per Pound,Coffee
2022-10-01,240.082381,Cents per Pound,Coffee
2022-09-01,267.4922727,Cents per Pound,Coffee
2022-08-01,268.4834783,Cents per Pound,Coffee
2022-07-01,255.9066667,Cents per Pound,Coffee
2022-06-01,273.7636364,Cents per Pound,Coffee
2022-05-01,260.4495455,Cents per Pound,Coffee
2022-04-01,265.397619,Cents per Pound,Coffee
2022-03-01,258.9934783,Cents per Pound,Coffee
2022-02-01,279.8335,Cents per Pound,Coffee
2022-01-01,271.0814286,Cents per Pound,Coffee
2021-12-01,268.3291304,Cents per Pound,Coffee
2021-11-01,258.9781818,Cents per Pound,Coffee
2021-10-01,241.0733333,Cents per Pound,Coffee
2021-09-01,225.5368182,Cents per Pound,Coffee
2021-08-01,216.4345455,Cents per Pound,Coffee
2021-07-01,204.5009091,Cents per Pound,Coffee
2021-06-01,192.0645455,Cents per Pound,Coffee
2021-05-01,186.4628571,Cents per Pound,Coffee
2021-04-01,168.6486364,Cents per Pound,Coffee
2021-03-01,167.0508696,Cents per Pound,Coffee
2021-02-01,166.429,Cents per Pound,Coffee
2021-01-01,160.8195238,Cents per Pound,Coffee
2020-12-01,157.9526087,Cents per Pound,Coffee
2020-11-01,150.7261905,Cents per Pound,Coffee
2020-10-01,152.0568182,Cents per Pound,Coffee
2020-09-01,166.5645455,Cents per Pound,Coffee
2020-08-01,163.0714286,Cents per Pound,Coffee
2020-07-01,146.7808696,Cents per Pound,Coffee
2020-06-01,141.52,Cents per Pound,Coffee
2020-05-01,149.9161905,Cents per Pound,Coffee
2020-04-01,154.6304545,Cents per Pound,Coffee
2020-03-01,148.3272727,Cents per Pound,Coffee
2020-02-01,135.5005,Cents per Pound,Coffee
2020-01-01,142.9365217,Cents per Pound,Coffee
2019-12-01,156.0290909,Cents per Pound,Coffee
2019-11-01,140.9814286,Cents per Pound,Coffee
2019-10-01,127.0513043,Cents per Pound,Coffee
2019-09-01,128.8942857,Cents per Pound,Coffee
2019-08-01,126.2795455,Cents per Pound,Coffee
2019-07-01,135.4704348,Cents per Pound,Coffee
2019-06-01,129.7235,Cents per Pound,Coffee
2019-05-01,120.5491304,Cents per Pound,Coffee
2019-04-01,120.9904545,Cents per Pound,Coffee
2019-03-01,123.8885714,Cents per Pound,Coffee
2019-02-01,128.454,Cents per Pound,Coffee
2019-01-01,128.3573913,Cents per Pound,Coffee
2018-12-01,127.0585714,Cents per Pound,Coffee
2018-11-01,137.1077273,Cents per Pound,Coffee
2018-10-01,137.3417391,Cents per Pound,Coffee
2018-09-01,121.18,Cents per Pound,Coffee
2018-08-01,125.2108696,Cents per Pound,Coffee
2018-07-01,130.5986364,Cents per Pound,Coffee
2018-06-01,134.0338095,Cents per Pound,Coffee
2018-05-01,135.6095652,Cents per Pound,Coffee
2018-04-01,134.3395238,Cents per Pound,Coffee
2018-03-01,134.9390909,Cents per Pound,Coffee
2018-02-01,136.2835,Cents per Pound,Coffee
2018-01-01,138.876087,Cents per Pound,Coffee
2017-12-01,137.3061905,Cents per Pound,Coffee
2017-11-01,140.9040909,Cents per Pound,Coffee
2017-10-01,140.7095455,Cents per Pound,Coffee
2017-09-01,146.5604762,Cents per Pound,Coffee
2017-08-01,149.8773913,Cents per Pound,Coffee
2017-07-01,149.8028571,Cents per Pound,Coffee
2017-06-01,143.2227273,Cents per Pound,Coffee
2017-05-01,150,Cents per Pound,Coffee
2017-04-01,155.574,Cents per Pound,Coffee
2017-03-01,160.1504348,Cents per Pound,Coffee
2017-02-01,166.351,Cents per Pound,Coffee
2017-01-01,168.6127273,Cents per Pound,Coffee
2016-12-01,161.7809091,Cents per Pound,Coffee
2016-11-01,184.1154545,Cents per Pound,Coffee
2016-10-01,178.9552381,Cents per Pound,Coffee
2016-09-01,176.2954545,Cents per Pound,Coffee
2016-08-01,167.5413043,Cents per Pound,Coffee
2016-07-01,171.7638095,Cents per Pound,Coffee
2016-06-01,165.4522727,Cents per Pound,Coffee
2016-05-01,155.1945455,Cents per Pound,Coffee
2016-04-01,154.217619,Cents per Pound,Coffee
2016-03-01,157.6313043,Cents per Pound,Coffee
2016-02-01,147.6971429,Cents per Pound,Coffee
2016-01-01,145.4347619,Cents per Pound,Coffee
2015-12-01,148.6121739,Cents per Pound,Coffee
2015-11-01,147.9785714,Cents per Pound,Coffee
2015-10-01,153.2504545,Cents per Pound,Coffee
2015-09-01,146.1468182,Cents per Pound,Coffee
2015-08-01,156.9233333,Cents per Pound,Coffee
2015-07-01,154.4465217,Cents per Pound,Coffee
2015-06-01,159.755,Cents per Pound,Coffee
2015-05-01,158.4828571,Cents per Pound,Coffee
2015-04-01,163.9977273,Cents per Pound,Coffee
2015-03-01,160.7359091,Cents per Pound,Coffee
2015-02-01,178.8885,Cents per Pound,Coffee
2015-01-01,189.6263636,Cents per Pound,Coffee
2014-12-01,193.386087,Cents per Pound,Coffee
2014-11-01,209.376,Cents per Pound,Coffee
2014-10-01,225.2856522,Cents per Pound,Coffee
2014-09-01,210.5263636,Cents per Pound,Coffee
2014-08-01,212.9652381,Cents per Pound,Coffee
2014-07-01,196.8952174,Cents per Pound,Coffee
2014-06-01,197.8909524,Cents per Pound,Coffee
2014-05-01,214.2027273,Cents per Pound,Coffee
2014-04-01,223.4940909,Cents per Pound,Coffee
2014-03-01,214.0866667,Cents per Pound,Coffee
2014-02-01,173.6435,Cents per Pound,Coffee
2014-01-01,132.5182609,Cents per Pound,Coffee
2013-12-01,125.7354545,Cents per Pound,Coffee
2013-11-01,122.0180952,Cents per Pound,Coffee
2013-10-01,128.6986957,Cents per Pound,Coffee
2013-09-01,132.2814286,Cents per Pound,Coffee
2013-08-01,135.1540909,Cents per Pound,Coffee
2013-07-01,138.3873913,Cents per Pound,Coffee
2013-06-01,138.2595,Cents per Pound,Coffee
2013-05-01,147.186087,Cents per Pound,Coffee
2013-04-01,149.7868182,Cents per Pound,Coffee
2013-03-01,149.8080952,Cents per Pound,Coffee
2013-02-01,149.459,Cents per Pound,Coffee
2013-01-01,157.0373913,Cents per Pound,Coffee
2012-12-01,152.707619,Cents per Pound,Coffee
2012-11-01,159.9063636,Cents per Pound,Coffee
2012-10-01,173.3173913,Cents per Pound,Coffee
2012-09-01,178.977,Cents per Pound,Coffee
2012-08-01,174.8243478,Cents per Pound,Coffee
2012-07-01,190.4459091,Cents per Pound,Coffee
2012-06-01,168.6866667,Cents per Pound,Coffee
2012-05-01,184.3647826,Cents per Pound,Coffee
2012-04-01,191.4485714,Cents per Pound,Coffee
2012-03-01,201.2559091,Cents per Pound,Coffee
2012-02-01,224.157619,Cents per Pound,Coffee
2012-01-01,237.2068182,Cents per Pound,Coffee
2011-12-01,236.2977273,Cents per Pound,Coffee
2011-11-01,245.0872727,Cents per Pound,Coffee
2011-10-01,247.8238095,Cents per Pound,Coffee
2011-09-01,274.8804545,Cents per Pound,Coffee
2011-08-01,270.4404348,Cents per Pound,Coffee
2011-07-01,268.0214286,Cents per Pound,Coffee
2011-06-01,274.9809091,Cents per Pound,Coffee
2011-05-01,291.0659091,Cents per Pound,Coffee
2011-04-01,300.4771429,Cents per Pound,Coffee
2011-03-01,292.0673913,Cents per Pound,Coffee
2011-02-01,288.3885,Cents per Pound,Coffee
2011-01-01,263.7657143,Cents per Pound,Coffee
2010-12-01,249.443913,Cents per Pound,Coffee
2010-11-01,233.5127273,Cents per Pound,Coffee
2010-10-01,217.4390476,Cents per Pound,Coffee
2010-09-01,222.7131818,Cents per Pound,Coffee
2010-08-01,211.59,Cents per Pound,Coffee
2010-07-01,203.2136364,Cents per Pound,Coffee
2010-06-01,190.9031818,Cents per Pound,Coffee
2010-05-01,173.3690476,Cents per Pound,Coffee
2010-04-01,169.3895455,Cents per Pound,Coffee
2010-03-01,164.5026087,Cents per Pound,Coffee
2010-02-01,157.8565,Cents per Pound,Coffee
2010-01-01,158.6557143,Cents per Pound,Coffee
2009-12-01,157.943913,Cents per Pound,Coffee
2009-11-01,152.2104762,Cents per Pound,Coffee
2009-10-01,154.5722727,Cents per Pound,Coffee
2009-09-01,148.51,Cents per Pound,Coffee
2009-08-01,149.7619048,Cents per Pound,Coffee
2009-07-01,140.8978261,Cents per Pound,Coffee
2009-06-01,149.7813636,Cents per Pound,Coffee
2009-05-01,150.492381,Cents per Pound,Coffee
2009-04-01,135.0781818,Cents per Pound,Coffee
2009-03-01,128.52,Cents per Pound,Coffee
2009-02-01,129.4815,Cents per Pound,Coffee
2009-01-01,127.8072727,Cents per Pound,Coffee
2008-12-01,118.7921739,Cents per Pound,Coffee
2008-11-01,121.886,Cents per Pound,Coffee
2008-10-01,123.5869565,Cents per Pound,Coffee
2008-09-01,143.2690909,Cents per Pound,Coffee
2008-08-01,146.4280952,Cents per Pound,Coffee
2008-07-01,147.3569565,Cents per Pound,Coffee
2008-06-01,146.1495238,Cents per Pound,Coffee
2008-05-01,142.0436364,Cents per Pound,Coffee
2008-04-01,140.7045455,Cents per Pound,Coffee
2008-03-01,149.2204762,Cents per Pound,Coffee
2008-02-01,157.2895238,Cents per Pound,Coffee
2008-01-01,139.8226087,Cents per Pound,Coffee
2007-12-01,138.0428571,Cents per Pound,Coffee
2007-11-01,131.0454545,Cents per Pound,Coffee
2007-10-01,134.2908696,Cents per Pound,Coffee
2007-09-01,128.0435,Cents per Pound,Coffee
2007-08-01,123.1508696,Cents per Pound,Coffee
2007-07-01,117.6331818,Cents per Pound,Coffee
2007-06-01,119.3280952,Cents per Pound,Coffee
2007-05-01,113.3269565,Cents per Pound,Coffee
2007-04-01,114.6947619,Cents per Pound,Coffee
2007-03-01,117.0836364,Cents per Pound,Coffee
2007-02-01,122.032,Cents per Pound,Coffee
2007-01-01,124.6943478,Cents per Pound,Coffee
2006-12-01,128.3561905,Cents per Pound,Coffee
2006-11-01,122.2654545,Cents per Pound,Coffee
2006-10-01,110.6331818,Cents per Pound,Coffee
2006-09-01,109.8266667,Cents per Pound,Coffee
2006-08-01,111.73,Cents per Pound,Coffee
2006-07-01,104.997619,Cents per Pound,Coffee
2006-06-01,103.1495455,Cents per Pound,Coffee
2006-05-01,109.6295652,Cents per Pound,Coffee
2006-04-01,115.3375,Cents per Pound,Coffee
2006-03-01,113.6604348,Cents per Pound,Coffee
2006-02-01,119.1215,Cents per Pound,Coffee
2006-01-01,124.1986364,Cents per Pound,Coffee
2005-12-01,105.9245455,Cents per Pound,Coffee
2005-11-01,107.7422727,Cents per Pound,Coffee
2005-10-01,105.0990476,Cents per Pound,Coffee
2005-09-01,99.49090909,Cents per Pound,Coffee
2005-08-01,108.203913,Cents per Pound,Coffee
2005-07-01,109.9285714,Cents per Pound,Coffee
2005-06-01,121.1559091,Cents per Pound,Coffee
2005-05-01,128.3977273,Cents per Pound,Coffee
2005-04-01,129.5295238,Cents per Pound,Coffee
2005-03-01,134.7778261,Cents per Pound,Coffee
2005-02-01,120.8325,Cents per Pound,Coffee
2005-01-01,107.1642857,Cents per Pound,Coffee
2004-12-01,104.3882609,Cents per Pound,Coffee
2004-11-01,90.26772727,Cents per Pound,Coffee
2004-10-01,80.55095238,Cents per Pound,Coffee
2004-09-01,80.46590909,Cents per Pound,Coffee
2004-08-01,73.60818182,Cents per Pound,Coffee
2004-07-01,74.96772727,Cents per Pound,Coffee
2004-06-01,82.21454545,Cents per Pound,Coffee
2004-05-01,77.44,Cents per Pound,Coffee
2004-04-01,75.53772727,Cents per Pound,Coffee
2004-03-01,78.05913043,Cents per Pound,Coffee
2004-02-01,76.2255,Cents per Pound,Coffee
2004-01-01,72.02863636,Cents per Pound,Coffee
2003-12-01,64.88434783,Cents per Pound,Coffee
2003-11-01,62.2775,Cents per Pound,Coffee
2003-10-01,64.28347826,Cents per Pound,Coffee
2003-09-01,66.41045455,Cents per Pound,Coffee
2003-08-01,63.89142857,Cents per Pound,Coffee
2003-07-01,62.95130435,Cents per Pound,Coffee
2003-06-01,61.04666667,Cents per Pound,Coffee
2003-05-01,66.09681818,Cents per Pound,Coffee
2003-04-01,64.69227273,Cents per Pound,Coffee
2003-03-01,61.74809524,Cents per Pound,Coffee
2003-02-01,66.4085,Cents per Pound,Coffee
2003-01-01,65.38347826,Cents per Pound,Coffee
2002-12-01,63.65590909,Cents per Pound,Coffee
2002-11-01,69.86809524,Cents per Pound,Coffee
2002-10-01,65.73086957,Cents per Pound,Coffee
2002-09-01,60.66619048,Cents per Pound,Coffee
2002-08-01,54.36409091,Cents per Pound,Coffee
2002-07-01,56.4773913,Cents per Pound,Coffee
2002-06-01,58.5555,Cents per Pound,Coffee
2002-05-01,61.46043478,Cents per Pound,Coffee
2002-04-01,65.33681818,Cents per Pound,Coffee
2002-03-01,64.07047619,Cents per Pound,Coffee
2002-02-01,59.116,Cents per Pound,Coffee
2002-01-01,58.24304348,Cents per Pound,Coffee
2001-12-01,56.5852381,Cents per Pound,Coffee
2001-11-01,58.84772727,Cents per Pound,Coffee
2001-10-01,56.36782609,Cents per Pound,Coffee
2001-09-01,58.267,Cents per Pound,Coffee
2001-08-01,59.33130435,Cents per Pound,Coffee
2001-07-01,58.94136364,Cents per Pound,Coffee
2001-06-01,63.84619048,Cents per Pound,Coffee
2001-05-01,69.63130435,Cents per Pound,Coffee
2001-04-01,65.99761905,Cents per Pound,Coffee
2001-03-01,66.66590909,Cents per Pound,Coffee
2001-02-01,67.2755,Cents per Pound,Coffee
2001-01-01,65.6526087,Cents per Pound,Coffee
2000-12-01,65.90333333,Cents per Pound,Coffee
2000-11-01,71.39045455,Cents per Pound,Coffee
2000-10-01,76.76454545,Cents per Pound,Coffee
2000-09-01,75.8352381,Cents per Pound,Coffee
2000-08-01,79.30391304,Cents per Pound,Coffee
2000-07-01,87.65619048,Cents per Pound,Coffee
2000-06-01,86.89409091,Cents per Pound,Coffee
2000-05-01,91.50608696,Cents per Pound,Coffee
2000-04-01,94.65,Cents per Pound,Coffee
2000-03-01,100.6526087,Cents per Pound,Coffee
2000-02-01,104.0414286,Cents per Pound,Coffee
2000-01-01,111.8514286,Cents per Pound,Coffee
1999-12-01,123.1652174,Cents per Pound,Coffee
1999-11-01,112.4509091,Cents per Pound,Coffee
1999-10-01,92.75904762,Cents per Pound,Coffee
1999-09-01,84.52409091,Cents per Pound,Coffee
1999-08-01,91.49954545,Cents per Pound,Coffee
1999-07-01,95.79181818,Cents per Pound,Coffee
1999-06-01,108.1172727,Cents per Pound,Coffee
1999-05-01,111.3547619,Cents per Pound,Coffee
1999-04-01,102.8286364,Cents per Pound,Coffee
1999-03-01,105.1321739,Cents per Pound,Coffee
1999-02-01,104.762,Cents per Pound,Coffee
1999-01-01,114.227619,Cents per Pound,Coffee
1998-12-01,117.056087,Cents per Pound,Coffee
1998-11-01,116.1219048,Cents per Pound,Coffee
1998-10-01,109.3872727,Cents per Pound,Coffee
1998-09-01,112.9440909,Cents per Pound,Coffee
1998-08-01,123.6471429,Cents per Pound,Coffee
1998-07-01,116.9413043,Cents per Pound,Coffee
1998-06-01,126.6631818,Cents per Pound,Coffee
1998-05-01,138.937619,Cents per Pound,Coffee
1998-04-01,150.255,Cents per Pound,Coffee
1998-03-01,158.39,Cents per Pound,Coffee
1998-02-01,178.374,Cents per Pound,Coffee
1998-01-01,176.9136364,Cents per Pound,Coffee
1997-12-01,176.7795652,Cents per Pound,Coffee
1997-11-01,160.3115,Cents per Pound,Coffee
1997-10-01,169.1491304,Cents per Pound,Coffee
1997-09-01,190.8645455,Cents per Pound,Coffee
1997-08-01,191.0990476,Cents per Pound,Coffee
1997-07-01,190.1582609,Cents per Pound,Coffee
1997-06-01,226.7609524,Cents per Pound,Coffee
1997-05-01,265.6059091,Cents per Pound,Coffee
1997-04-01,205.4409091,Cents per Pound,Coffee
1997-03-01,193.4080952,Cents per Pound,Coffee
1997-02-01,166.3255,Cents per Pound,Coffee
1997-01-01,131.233913,Cents per Pound,Coffee
1996-12-01,116.8936364,Cents per Pound,Coffee
1996-11-01,123.9138095,Cents per Pound,Coffee
1996-10-01,123.7769565,Cents per Pound,Coffee
1996-09-01,119.812381,Cents per Pound,Coffee
1996-08-01,125.5077273,Cents per Pound,Coffee
1996-07-01,123.7008696,Cents per Pound,Coffee
1996-06-01,125.03,Cents per Pound,Coffee
1996-05-01,129.5956522,Cents per Pound,Coffee
1996-04-01,121.8831818,Cents per Pound,Coffee
1996-03-01,120.807619,Cents per Pound,Coffee
1996-02-01,124.7804762,Cents per Pound,Coffee
1996-01-01,107.9617391,Cents per Pound,Coffee
1995-12-01,106.3680952,Cents per Pound,Coffee
1995-11-01,125.2604545,Cents per Pound,Coffee
1995-10-01,127.0859091,Cents per Pound,Coffee
1995-09-01,137.1380952,Cents per Pound,Coffee
1995-08-01,150.9917391,Cents per Pound,Coffee
1995-07-01,140.2966667,Cents per Pound,Coffee
1995-06-01,158.6031818,Cents per Pound,Coffee
1995-05-01,173.2456522,Cents per Pound,Coffee
1995-04-01,173.237,Cents per Pound,Coffee
1995-03-01,179.2108696,Cents per Pound,Coffee
1995-02-01,167.475,Cents per Pound,Coffee
1995-01-01,171.0881818,Cents per Pound,Coffee
1994-12-01,162.265,Cents per Pound,Coffee
1994-11-01,188.1163636,Cents per Pound,Coffee
1994-10-01,207.3138095,Cents per Pound,Coffee
1994-09-01,218.6804545,Cents per Pound,Coffee
1994-08-01,199.1395652,Cents per Pound,Coffee
1994-07-01,201.41,Cents per Pound,Coffee
1994-06-01,133.3613636,Cents per Pound,Coffee
1994-05-01,117.1663636,Cents per Pound,Coffee
1994-04-01,90.93761905,Cents per Pound,Coffee
1994-03-01,87.01478261,Cents per Pound,Coffee
1994-02-01,83.2,Cents per Pound,Coffee
1994-01-01,79.58238095,Cents per Pound,Coffee
1993-12-01,82.5526087,Cents per Pound,Coffee
1993-11-01,79.23863636,Cents per Pound,Coffee
1993-10-01,76.64333333,Cents per Pound,Coffee
1993-09-01,81.12181818,Cents per Pound,Coffee
1993-08-01,76.18727273,Cents per Pound,Coffee
1993-07-01,70.47909091,Cents per Pound,Coffee
1993-06-01,63.19045455,Cents per Pound,Coffee
1993-05-01,61.65904762,Cents per Pound,Coffee
1993-04-01,58.41454545,Cents per Pound,Coffee
1993-03-01,64.68130435,Cents per Pound,Coffee
1993-02-01,67.4365,Cents per Pound,Coffee
1993-01-01,71.81904762,Cents per Pound,Coffee
1992-12-01,75.13913043,Cents per Pound,Coffee
1992-11-01,52.51285714,Cents per Pound,Coffee
1992-10-01,50.83,Cents per Pound,Coffee
1992-09-01,51.67318182,Cents per Pound,Coffee
1992-08-01,53.35380952,Cents per Pound,Coffee
1992-07-01,58.34913043,Cents per Pound,Coffee
1992-06-01,59.44818182,Cents per Pound,Coffee
1992-05-01,60.79666667,Cents per Pound,Coffee
1992-04-01,66.52227273,Cents per Pound,Coffee
1992-03-01,69.89363636,Cents per Pound,Coffee
1992-02-01,69.298,Cents per Pound,Coffee
1992-01-01,73.03181818,Cents per Pound,Coffee
1991-12-01,75.09667969,Cents per Pound,Coffee
1991-11-01,78.51779175,Cents per Pound,Coffee
1991-10-01,79.86181641,Cents per Pound,Coffee
1991-09-01,87.45098877,Cents per Pound,Coffee
1991-08-01,81.61880493,Cents per Pound,Coffee
1991-07-01,82.80825806,Cents per Pound,Coffee
1991-06-01,85.5,Cents per Pound,Coffee
1991-05-01,87.58999634,Cents per Pound,Coffee
1991-04-01,92.26998901,Cents per Pound,Coffee
1991-03-01,93.72000122,Cents per Pound,Coffee
1991-02-01,89.57000732,Cents per Pound,Coffee
1991-01-01,86.32000732,Cents per Pound,Coffee
1990-12-01,89.89001465,Cents per Pound,Coffee
1990-11-01,84.83999634,Cents per Pound,Coffee
1990-10-01,91.41000366,Cents per Pound,Coffee
1990-09-01,94.92001343,Cents per Pound,Coffee
1990-08-01,94.42001343,Cents per Pound,Coffee
1990-07-01,86.48001099,Cents per Pound,Coffee
1990-06-01,88.26000977,Cents per Pound,Coffee
1990-05-01,92.01998901,Cents per Pound,Coffee
1990-04-01,93.73001099,Cents per Pound,Coffee
1990-03-01,93.95999146,Cents per Pound,Coffee
1990-02-01,84.01000977,Cents per Pound,Coffee
1990-01-01,75.82998657,Cents per Pound,Coffee
2024-01-01,198.7579285,Dollar per Metric Ton,Corn
2023-12-01,207.3979689,,
2023-11-01,209.0402968,,
2023-10-01,221.9025188,,
2023-09-01,223.8476664,,
2023-08-01,207.6758887,,
2023-07-01,235.2719473,,
2023-06-01,266.9352396,,
2023-05-01,268.1725264,,
2023-04-01,291.1797449,,
2023-03-01,284.957405,,
2023-02-01,298.2453034,,
2023-01-01,302.8399884,,
2022-12-01,302.2354051,,
2022-11-01,320.9296829,,
2022-10-01,343.5532833,,
2022-09-01,312.5461279,,
2022-08-01,293.9307903,,
2022-07-01,312.682042,,
2022-06-01,335.717134,,
2022-05-01,344.9092996,,
2022-04-01,348.507117,,
2022-03-01,335.9306842,,
2022-02-01,292.671593,,
2022-01-01,276.7191782,,
2021-12-01,264.5731468,,
2021-11-01,248.7677461,,
2021-10-01,239.6024509,,
2021-09-01,235.8156036,,
2021-08-01,257.0207554,,
2021-07-01,278.4457556,,
2021-06-01,292.5237268,,
2021-05-01,304.2975497,,
2021-04-01,268.6224488,,
2021-03-01,245.7603568,,
2021-02-01,245.5540566,,
2021-01-01,231.7544615,,
2020-12-01,199.1844175,,
2020-11-01,190.6250376,,
2020-10-01,186.7663875,,
2020-09-01,166.6025335,,
2020-08-01,149.3929998,,
2020-07-01,152.5876196,,
2020-06-01,148.0423804,,
2020-05-01,143.9892438,,
2020-04-01,147.0121602,,
2020-03-01,162.1791482,,
2020-02-01,168.7445985,,
2020-01-01,171.8141352,,
2019-12-01,167.0590173,,
2019-11-01,166.3617855,,
2019-10-01,167.2977941,,
2019-09-01,157.3744366,,
2019-08-01,163.6286143,,
2019-07-01,189.4863732,,
2019-06-01,195.1679223,,
2019-05-01,171.1801536,,
2019-04-01,161.6533866,,
2019-03-01,166.321332,,
2019-02-01,169.6562835,,
2019-01-01,166.8462415,,
2018-12-01,167.4898806,,
2018-11-01,160.8782077,,
2018-10-01,160.3655651,,
2018-09-01,154.9450034,,
2018-08-01,162.5222585,,
2018-07-01,156.5542655,,
2018-06-01,165.1402855,,
2018-05-01,179.1790589,,
2018-04-01,175.6009825,,
2018-03-01,172.07659,,
2018-02-01,163.4609697,,
2018-01-01,155.9168753,,
2017-12-01,149.0874275,,
2017-11-01,148.7921659,,
2017-10-01,148.7223768,,
2017-09-01,147.3158579,,
2017-08-01,148.5434304,,
2017-07-01,157.6106459,,
2017-06-01,157.9739071,,
2017-05-01,158.6002196,,
2017-04-01,156.5404521,,
2017-03-01,158.9791193,,
2017-02-01,162.9625359,,
2017-01-01,160.012107,,
2016-12-01,152.7299247,,
2016-11-01,151.3314157,,
2016-10-01,152.617444,,
2016-09-01,148.5119017,,
2016-08-01,150.2154124,,
2016-07-01,161.8230448,,
2016-06-01,179.9127393,,
2016-05-01,169.0021199,,
2016-04-01,164.4654019,,
2016-03-01,159.2265321,,
2016-02-01,159.7168454,,
2016-01-01,161.0988769,,
2015-12-01,164.0044018,,
2015-11-01,166.0924241,,
2015-10-01,171.4485732,,
2015-09-01,166.077624,,
2015-08-01,162.7406991,,
2015-07-01,179.6085304,,
2015-06-01,166.8138607,,
2015-05-01,166.3503895,,
2015-04-01,172.151577,,
2015-03-01,174.2938214,,
2015-02-01,173.7588658,,
2015-01-01,174.7948714,,
2014-12-01,178.7129461,,
2014-11-01,178.7085351,,
2014-10-01,163.3780893,,
2014-09-01,163.1343813,,
2014-08-01,176.4820806,,
2014-07-01,182.2945163,,
2014-06-01,202.633823,,
2014-05-01,216.975101,,
2014-04-01,222.4304107,,
2014-03-01,222.3929172,,
2014-02-01,209.3560195,,
2014-01-01,198.7719886,,
2013-12-01,197.5534486,,
2013-11-01,199.1824442,,
2013-10-01,201.7799929,,
2013-09-01,207.4901734,,
2013-08-01,234.9387661,,
2013-07-01,279.0132714,,
2013-06-01,297.1119132,,
2013-05-01,295.368975,,
2013-04-01,279.7648464,,
2013-03-01,309.5792051,,
2013-02-01,302.6103405,,
2013-01-01,303.3602112,,
2012-12-01,308.7504006,,
2012-11-01,321.5968705,,
2012-10-01,321.3824173,,
2012-09-01,320.7059056,,
2012-08-01,332.2334953,,
2012-07-01,332.9988526,,
2012-06-01,267.3289218,,
2012-05-01,268.8849036,,
2012-04-01,274.2192966,,
2012-03-01,280.715052,,
2012-02-01,279.5143214,,
2012-01-01,272.9201455,,
2011-12-01,258.5179405,,
2011-11-01,274.2783489,,
2011-10-01,274.846376,,
2011-09-01,296.2994964,,
2011-08-01,310.3071116,,
2011-07-01,300.8322095,,
2011-06-01,310.5364743,,
2011-05-01,308.5752214,,
2011-04-01,318.938776,,
2011-03-01,290.4347217,,
2011-02-01,293.396797,,
2011-01-01,265.285524,,
2010-12-01,250.6255509,,
2010-11-01,238.2367488,,
2010-10-01,235.703123,,
2010-09-01,205.8395204,,
2010-08-01,175.6001304,,
2010-07-01,163.9217456,,
2010-06-01,152.8739339,,
2010-05-01,163.2403005,,
2010-04-01,157.2666427,,
2010-03-01,158.9277694,,
2010-02-01,161.9069613,,
2010-01-01,167.3356308,,
2009-12-01,164.6128196,,
2009-11-01,171.6868545,,
2009-10-01,167.2791214,,
2009-09-01,150.592793,,
2009-08-01,152.0362942,,
2009-07-01,151.8002554,,
2009-06-01,179.3937946,,
2009-05-01,180.0702121,,
2009-04-01,168.7959054,,
2009-03-01,164.5770304,,
2009-02-01,163.3999605,,
2009-01-01,173.2951299,,
2008-12-01,158.909797,,
2008-11-01,164.3044002,,
2008-10-01,183.0247029,,
2008-09-01,233.9456134,,
2008-08-01,235.1594667,,
2008-07-01,267.1414541,,
2008-06-01,287.1320709,,
2008-05-01,243.5317736,,
2008-04-01,246.6418625,,
2008-03-01,233.9259293,,
2008-02-01,220.0475977,,
2008-01-01,206.5588043,,
2007-12-01,180.2832637,,
2007-11-01,171.1139434,,
2007-10-01,164.1141037,,
2007-09-01,160.1250316,,
2007-08-01,151.0307857,,
2007-07-01,147.2164013,,
2007-06-01,164.5372645,,
2007-05-01,160.1391589,,
2007-04-01,152.6305668,,
2007-03-01,169.5832697,,
2007-02-01,177.3848855,,
2007-01-01,165.160019,,
2006-12-01,160.7207348,,
2006-11-01,164.1064013,,
2006-10-01,142.2624107,,
2006-09-01,120.2698946,,
2006-08-01,115.2772893,,
2006-07-01,114.3056102,,
2006-06-01,109.6123566,,
2006-05-01,110.6246821,,
2006-04-01,107.9103474,,
2006-03-01,104.9520804,,
2006-02-01,106.9365021,,
2006-01-01,102.7904075,,
2005-12-01,102.6760522,,
2005-11-01,95.97970643,,
2005-10-01,101.5512461,,
2005-09-01,97.07076837,,
2005-08-01,99.28663643,,
2005-07-01,105.6642871,,
2005-06-01,97.61527679,,
2005-05-01,95.36481241,,
2005-04-01,96.47087177,,
2005-03-01,100.0140111,,
2005-02-01,94.35939361,,
2005-01-01,96.03875875,,
2004-12-01,95.60852041,,
2004-11-01,93.75851034,,
2004-10-01,93.41514847,,
2004-09-01,97.72690527,,
2004-08-01,104.0931375,,
2004-07-01,104.4944888,,
2004-06-01,123.278751,,
2004-05-01,129.2852157,,
2004-04-01,133.4394997,,
2004-03-01,128.4601949,,
2004-02-01,122.9324291,,
2004-01-01,116.2455883,,
2003-12-01,111.9922096,,
2003-11-01,108.1004849,,
2003-10-01,104.2059516,,
2003-09-01,103.2384553,,
2003-08-01,100.3495782,,
2003-07-01,97.67066497,,
2003-06-01,107.0253026,,
2003-05-01,107.9064007,,
2003-04-01,105.3380934,,
2003-03-01,105.1318789,,
2003-02-01,106.14108,,
2003-01-01,105.8442561,,
2002-12-01,107.0126485,,
2002-11-01,108.6464294,,
2002-10-01,109.6468099,,
2002-09-01,113.9414542,,
2002-08-01,109.8910018,,
2002-07-01,99.70000268,,
2002-06-01,93.16980013,,
2002-05-01,90.33130502,,
2002-04-01,87.10664777,,
2002-03-01,89.85794911,,
2002-02-01,90.72819384,,
2002-01-01,91.96696059,,
2001-12-01,92.31151517,,
2001-11-01,89.88255424,,
2001-10-01,86.26773913,,
2001-09-01,89.74398849,,
2001-08-01,92.87903164,,
2001-07-01,90.75466954,,
2001-06-01,83.16066599,,
2001-05-01,85.07752309,,
2001-04-01,87.54506652,,
2001-03-01,91.01215357,,
2001-02-01,92.37751482,,
2001-01-01,94.29723327,,
2000-12-01,96.22420376,,
2000-11-01,88.93710783,,
2000-10-01,84.7072744,,
2000-09-01,80.15057627,,
2000-08-01,75.24053114,,
2000-07-01,75.05737521,,
2000-06-01,84.0395145,,
2000-05-01,95.53055089,,
2000-04-01,95.53937295,,
2000-03-01,95.16935111,,
2000-02-01,95.08161904,,
2000-01-01,92.95327496,,
1999-12-01,87.22283768,,
1999-11-01,85.40934063,,
1999-10-01,85.65047121,,
1999-09-01,87.12092088,,
1999-08-01,86.38191473,,
1999-07-01,83.59840304,,
1999-06-01,92.94701183,,
1999-05-01,92.71706567,,
1999-04-01,94.03847853,,
1999-03-01,96.42645008,,
1999-02-01,94.56400472,,
1999-01-01,97.45187378,,
1998-12-01,95.32476044,,
1998-11-01,97.38452911,,
1998-10-01,95.49475861,,
1998-09-01,85.71444702,,
1998-08-01,88.3582077,,
1998-07-01,100.90448,,
1998-06-01,101.7516937,,
1998-05-01,105.9669266,,
1998-04-01,106.6878586,,
1998-03-01,113.8404388,,
1998-02-01,113.6187363,,
1998-01-01,114.3672562,,
1997-12-01,113.6043625,,
1997-11-01,117.4047623,,
1997-10-01,120.2442169,,
1997-09-01,112.236908,,
1997-08-01,111.9510193,,
1997-07-01,106.420723,,
1997-06-01,112.5813751,,
1997-05-01,118.6108093,,
1997-04-01,124.7128754,,
1997-03-01,127.8605804,,
1997-02-01,121.7462006,,
1997-01-01,118.6951675,,
1996-12-01,116.8350143,,
1996-11-01,117.1368408,,
1996-10-01,128.6087952,,
1996-09-01,145.2391815,,
1996-08-01,186.8200684,,
1996-07-01,197.6199951,,
1996-06-01,196.6393127,,
1996-05-01,203.9989319,,
1996-04-01,189.0330353,,
1996-03-01,170.9611511,,
1996-02-01,164.7122345,,
1996-01-01,156.6707306,,
1995-12-01,148.1885223,,
1995-11-01,143.2122345,,
1995-10-01,140.8163605,,
1995-09-01,130.5130157,,
1995-08-01,126.297081,,
1995-07-01,127.3095627,,
1995-06-01,120.0074387,,
1995-05-01,111.9275818,,
1995-04-01,109.6404877,,
1995-03-01,109.6270676,,
1995-02-01,106.9776611,,
1995-01-01,106.8987732,,
1994-12-01,102.5552368,,
1994-11-01,95.60571289,,
1994-10-01,96.11000061,,
1994-09-01,97.60505676,,
1994-08-01,96.15687561,,
1994-07-01,98.73155212,,
1994-06-01,112.0830994,,
1994-05-01,110.6012573,,
1994-04-01,113.4167328,,
1994-03-01,120.1072922,,
1994-02-01,123.6490097,,
1994-01-01,126.7164536,,
1993-12-01,121.2294998,,
1993-11-01,115.9284592,,
1993-10-01,105.7676315,,
1993-09-01,101.0316772,,
1993-08-01,100.3128967,,
1993-07-01,101.8886871,,
1993-06-01,92.72621155,,
1993-05-01,99.22267151,,
1993-04-01,100.4873734,,
1993-03-01,97.53518677,,
1993-02-01,94.2540741,,
1993-01-01,94.09521484,,
1992-12-01,94.04341888,,
1992-11-01,95.17266083,,
1992-10-01,94.55976868,,
1992-09-01,98.2166748,,
1992-08-01,97.53993225,,
1992-07-01,102.3940582,,
1992-06-01,110.2019272,,
1992-05-01,109.1779099,,
1992-04-01,109.0551376,,
1992-03-01,116.6845932,,
1992-02-01,113.921257,,
1992-01-01,109.5863571,,
1991-12-01,106.7206802,,
1991-11-01,106.7978668,,
1991-10-01,109.5233231,,
1991-09-01,108.8531265,,
1991-08-01,110.1188126,,
1991-07-01,105.7298965,,
1991-06-01,105.1131363,,
1991-05-01,105.7351608,,
1991-04-01,110.2310104,,
1991-03-01,109.0499573,,
1991-02-01,106.2941666,,
1991-01-01,105.506813,,
1990-12-01,102.3573608,,
1990-11-01,99.99526978,,
1990-10-01,99.99526978,,
1990-09-01,102.3573608,,
1990-08-01,109.8373184,,
1990-07-01,114.9551926,,
1990-06-01,120.0730667,,
1990-05-01,121.254097,,
1990-04-01,118.4983368,,
1990-03-01,109.8373184,,
1990-02-01,106.2941666,,
1990-01-01,105.9005127,,
2024-01-01,22.47478261,Cents per Pound,Sugar
2023-12-01,22.14571429,Cents per Pound,Sugar
2023-11-01,27.30954545,Cents per Pound,Sugar
2023-10-01,26.90363636,Cents per Pound,Sugar
2023-09-01,26.56380952,Cents per Pound,Sugar
2023-08-01,24.19304348,Cents per Pound,Sugar
2023-07-01,24.00809524,Cents per Pound,Sugar
2023-06-01,24.76227273,Cents per Pound,Sugar
2023-05-01,25.72956522,Cents per Pound,Sugar
2023-04-01,24.582,Cents per Pound,Sugar
2023-03-01,20.96173913,Cents per Pound,Sugar
2023-02-01,21.4035,Cents per Pound,Sugar
2023-01-01,19.94318182,Cents per Pound,Sugar
2022-12-01,20.065,Cents per Pound,Sugar
2022-11-01,19.40590909,Cents per Pound,Sugar
2022-10-01,18.30095238,Cents per Pound,Sugar
2022-09-01,18.18590909,Cents per Pound,Sugar
2022-08-01,18.0626087,Cents per Pound,Sugar
2022-07-01,18.34,Cents per Pound,Sugar
2022-06-01,18.79409091,Cents per Pound,Sugar
2022-05-01,19.28090909,Cents per Pound,Sugar
2022-04-01,19.69904762,Cents per Pound,Sugar
2022-03-01,19.10782609,Cents per Pound,Sugar
2022-02-01,18.20315789,Cents per Pound,Sugar
2022-01-01,18.461,Cents per Pound,Sugar
2021-12-01,19.16727273,Cents per Pound,Sugar
2021-11-01,19.74619048,Cents per Pound,Sugar
2021-10-01,19.61904762,Cents per Pound,Sugar
2021-09-01,19.26428571,Cents per Pound,Sugar
2021-08-01,19.38363636,Cents per Pound,Sugar
2021-07-01,17.7147619,Cents per Pound,Sugar
2021-06-01,17.21409091,Cents per Pound,Sugar
2021-05-01,17.20333333,Cents per Pound,Sugar
2021-04-01,16.23761905,Cents per Pound,Sugar
2021-03-01,15.80565217,Cents per Pound,Sugar
2021-02-01,17.00052632,Cents per Pound,Sugar
2021-01-01,15.91631579,Cents per Pound,Sugar
2020-12-01,14.66772727,Cents per Pound,Sugar
2020-11-01,14.9335,Cents per Pound,Sugar
2020-10-01,14.28772727,Cents per Pound,Sugar
2020-09-01,12.44142857,Cents per Pound,Sugar
2020-08-01,12.81428571,Cents per Pound,Sugar
2020-07-01,11.90181818,Cents per Pound,Sugar
2020-06-01,11.82818182,Cents per Pound,Sugar
2020-05-01,10.641,Cents per Pound,Sugar
2020-04-01,10.05190476,Cents per Pound,Sugar
2020-03-01,11.805,Cents per Pound,Sugar
2020-02-01,15.07105263,Cents per Pound,Sugar
2020-01-01,14.16666667,Cents per Pound,Sugar
2019-12-01,13.3352381,Cents per Pound,Sugar
2019-11-01,12.687,Cents per Pound,Sugar
2019-10-01,12.4573913,Cents per Pound,Sugar
2019-09-01,11.158,Cents per Pound,Sugar
2019-08-01,11.55545455,Cents per Pound,Sugar
2019-07-01,12.12863636,Cents per Pound,Sugar
2019-06-01,12.4395,Cents per Pound,Sugar
2019-05-01,11.825,Cents per Pound,Sugar
2019-04-01,12.53571429,Cents per Pound,Sugar
2019-03-01,12.47380952,Cents per Pound,Sugar
2019-02-01,12.92894737,Cents per Pound,Sugar
2019-01-01,12.68095238,Cents per Pound,Sugar
2018-12-01,12.5535,Cents per Pound,Sugar
2018-11-01,12.79238095,Cents per Pound,Sugar
2018-10-01,13.18478261,Cents per Pound,Sugar
2018-09-01,10.78368421,Cents per Pound,Sugar
2018-08-01,10.45521739,Cents per Pound,Sugar
2018-07-01,11.1552381,Cents per Pound,Sugar
2018-06-01,12.06190476,Cents per Pound,Sugar
2018-05-01,11.82727273,Cents per Pound,Sugar
2018-04-01,11.82428571,Cents per Pound,Sugar
2018-03-01,12.82571429,Cents per Pound,Sugar
2018-02-01,13.57263158,Cents per Pound,Sugar
2018-01-01,13.97952381,Cents per Pound,Sugar
2017-12-01,14.4325,Cents per Pound,Sugar
2017-11-01,14.96666667,Cents per Pound,Sugar
2017-10-01,14.23181818,Cents per Pound,Sugar
2017-09-01,13.931,Cents per Pound,Sugar
2017-08-01,13.79608696,Cents per Pound,Sugar
2017-07-01,14.119,Cents per Pound,Sugar
2017-06-01,13.53,Cents per Pound,Sugar
2017-05-01,15.68909091,Cents per Pound,Sugar
2017-04-01,16.31684211,Cents per Pound,Sugar
2017-03-01,18.05956522,Cents per Pound,Sugar
2017-02-01,20.40578947,Cents per Pound,Sugar
2017-01-01,20.5375,Cents per Pound,Sugar
2016-12-01,18.83,Cents per Pound,Sugar
2016-11-01,20.86857143,Cents per Pound,Sugar
2016-10-01,22.91666667,Cents per Pound,Sugar
2016-09-01,21.35238095,Cents per Pound,Sugar
2016-08-01,20.01434783,Cents per Pound,Sugar
2016-07-01,19.687,Cents per Pound,Sugar
2016-06-01,19.33727273,Cents per Pound,Sugar
2016-05-01,16.68428571,Cents per Pound,Sugar
2016-04-01,14.99809524,Cents per Pound,Sugar
2016-03-01,15.43045455,Cents per Pound,Sugar
2016-02-01,13.314,Cents per Pound,Sugar
2016-01-01,14.29105263,Cents per Pound,Sugar
2015-12-01,14.76272727,Cents per Pound,Sugar
2015-11-01,14.843,Cents per Pound,Sugar
2015-10-01,14.14181818,Cents per Pound,Sugar
2015-09-01,12.13714286,Cents per Pound,Sugar
2015-08-01,10.6747619,Cents per Pound,Sugar
2015-07-01,11.87863636,Cents per Pound,Sugar
2015-06-01,12.11363636,Cents per Pound,Sugar
2015-05-01,12.7035,Cents per Pound,Sugar
2015-04-01,12.91095238,Cents per Pound,Sugar
2015-03-01,12.84090909,Cents per Pound,Sugar
2015-02-01,14.51210526,Cents per Pound,Sugar
2015-01-01,15.0625,Cents per Pound,Sugar
2014-12-01,14.99227273,Cents per Pound,Sugar
2014-11-01,15.87894737,Cents per Pound,Sugar
2014-10-01,16.47565217,Cents per Pound,Sugar
2014-09-01,16.54428571,Cents per Pound,Sugar
2014-08-01,17.7247619,Cents per Pound,Sugar
2014-07-01,18.73045455,Cents per Pound,Sugar
2014-06-01,18.24190476,Cents per Pound,Sugar
2014-05-01,18.24047619,Cents per Pound,Sugar
2014-04-01,18.2147619,Cents per Pound,Sugar
2014-03-01,17.88809524,Cents per Pound,Sugar
2014-02-01,16.88526316,Cents per Pound,Sugar
2014-01-01,15.70761905,Cents per Pound,Sugar
2013-12-01,16.5447619,Cents per Pound,Sugar
2013-11-01,17.7485,Cents per Pound,Sugar
2013-10-01,18.8126087,Cents per Pound,Sugar
2013-09-01,17.619,Cents per Pound,Sugar
2013-08-01,17.24409091,Cents per Pound,Sugar
2013-07-01,17.09636364,Cents per Pound,Sugar
2013-06-01,16.956,Cents per Pound,Sugar
2013-05-01,17.42636364,Cents per Pound,Sugar
2013-04-01,17.66227273,Cents per Pound,Sugar
2013-03-01,18.339,Cents per Pound,Sugar
2013-02-01,18.20789474,Cents per Pound,Sugar
2013-01-01,18.84571429,Cents per Pound,Sugar
2012-12-01,19.202,Cents per Pound,Sugar
2012-11-01,19.31333333,Cents per Pound,Sugar
2012-10-01,20.38869565,Cents per Pound,Sugar
2012-09-01,20.20631579,Cents per Pound,Sugar
2012-08-01,20.56130435,Cents per Pound,Sugar
2012-07-01,22.75714286,Cents per Pound,Sugar
2012-06-01,20.09809524,Cents per Pound,Sugar
2012-05-01,20.26545455,Cents per Pound,Sugar
2012-04-01,22.477,Cents per Pound,Sugar
2012-03-01,23.78818182,Cents per Pound,Sugar
2012-02-01,23.416,Cents per Pound,Sugar
2012-01-01,24.0205,Cents per Pound,Sugar
2011-12-01,23.4152381,Cents per Pound,Sugar
2011-11-01,24.51761905,Cents per Pound,Sugar
2011-10-01,26.29857143,Cents per Pound,Sugar
2011-09-01,26.63857143,Cents per Pound,Sugar
2011-08-01,28.87434783,Cents per Pound,Sugar
2011-07-01,29.471,Cents per Pound,Sugar
2011-06-01,24.92454545,Cents per Pound,Sugar
2011-05-01,21.84095238,Cents per Pound,Sugar
2011-04-01,23.903,Cents per Pound,Sugar
2011-03-01,25.9,Cents per Pound,Sugar
2011-02-01,29.30631579,Cents per Pound,Sugar
2011-01-01,29.73684211,Cents per Pound,Sugar
2010-12-01,28.04090909,Cents per Pound,Sugar
2010-11-01,26.42047619,Cents per Pound,Sugar
2010-10-01,26.94380952,Cents per Pound,Sugar
2010-09-01,22.66952381,Cents per Pound,Sugar
2010-08-01,18.60363636,Cents per Pound,Sugar
2010-07-01,17.69,Cents per Pound,Sugar
2010-06-01,16.3,Cents per Pound,Sugar
2010-05-01,15.105,Cents per Pound,Sugar
2010-04-01,16.88571429,Cents per Pound,Sugar
2010-03-01,18.14782609,Cents per Pound,Sugar
2010-02-01,21.97894737,Cents per Pound,Sugar
2010-01-01,21.90526316,Cents per Pound,Sugar
2009-12-01,24.90272727,Cents per Pound,Sugar
2009-11-01,22.769,Cents per Pound,Sugar
2009-10-01,23.16090909,Cents per Pound,Sugar
2009-09-01,23.45142857,Cents per Pound,Sugar
2009-08-01,21.72,Cents per Pound,Sugar
2009-07-01,17.80454545,Cents per Pound,Sugar
2009-06-01,16.57590909,Cents per Pound,Sugar
2009-05-01,15.466,Cents per Pound,Sugar
2009-04-01,13.46952381,Cents per Pound,Sugar
2009-03-01,12.92818182,Cents per Pound,Sugar
2009-02-01,13.31210526,Cents per Pound,Sugar
2009-01-01,12.244,Cents per Pound,Sugar
2008-12-01,11.32,Cents per Pound,Sugar
2008-11-01,11.82842105,Cents per Pound,Sugar
2008-10-01,11.70217391,Cents per Pound,Sugar
2008-09-01,14.02047619,Cents per Pound,Sugar
2008-08-01,13.68142857,Cents per Pound,Sugar
2008-07-01,13.20772727,Cents per Pound,Sugar
2008-06-01,12.0652381,Cents per Pound,Sugar
2008-05-01,10.9347619,Cents per Pound,Sugar
2008-04-01,12.52272727,Cents per Pound,Sugar
2008-03-01,12.8765,Cents per Pound,Sugar
2008-02-01,13.6075,Cents per Pound,Sugar
2008-01-01,11.65952381,Cents per Pound,Sugar
2007-12-01,10.44631579,Cents per Pound,Sugar
2007-11-01,9.896,Cents per Pound,Sugar
2007-10-01,9.994782609,Cents per Pound,Sugar
2007-09-01,9.851052632,Cents per Pound,Sugar
2007-08-01,9.613043478,Cents per Pound,Sugar
2007-07-01,9.895714286,Cents per Pound,Sugar
2007-06-01,9.26047619,Cents per Pound,Sugar
2007-05-01,9.086363636,Cents per Pound,Sugar
2007-04-01,9.594,Cents per Pound,Sugar
2007-03-01,10.36681818,Cents per Pound,Sugar
2007-02-01,10.57157895,Cents per Pound,Sugar
2007-01-01,10.9035,Cents per Pound,Sugar
2006-12-01,11.6965,Cents per Pound,Sugar
2006-11-01,11.732,Cents per Pound,Sugar
2006-10-01,11.50909091,Cents per Pound,Sugar
2006-09-01,12.3135,Cents per Pound,Sugar
2006-08-01,12.97956522,Cents per Pound,Sugar
2006-07-01,15.857,Cents per Pound,Sugar
2006-06-01,15.68909091,Cents per Pound,Sugar
2006-05-01,16.90045455,Cents per Pound,Sugar
2006-04-01,17.46263158,Cents per Pound,Sugar
2006-03-01,17.08217391,Cents per Pound,Sugar
2006-02-01,18.05263158,Cents per Pound,Sugar
2006-01-01,16.187,Cents per Pound,Sugar
2005-12-01,13.92714286,Cents per Pound,Sugar
2005-11-01,11.808,Cents per Pound,Sugar
2005-10-01,11.61285714,Cents per Pound,Sugar
2005-09-01,10.81047619,Cents per Pound,Sugar
2005-08-01,9.875217391,Cents per Pound,Sugar
2005-07-01,9.5975,Cents per Pound,Sugar
2005-06-01,9.033181818,Cents per Pound,Sugar
2005-05-01,8.511428571,Cents per Pound,Sugar
2005-04-01,8.525714286,Cents per Pound,Sugar
2005-03-01,8.895,Cents per Pound,Sugar
2005-02-01,9.323684211,Cents per Pound,Sugar
2005-01-01,8.922,Cents per Pound,Sugar
2004-12-01,8.795238095,Cents per Pound,Sugar
2004-11-01,8.666,Cents per Pound,Sugar
2004-10-01,8.963809524,Cents per Pound,Sugar
2004-09-01,8.674285714,Cents per Pound,Sugar
2004-08-01,7.879090909,Cents per Pound,Sugar
2004-07-01,8.165714286,Cents per Pound,Sugar
2004-06-01,7.514285714,Cents per Pound,Sugar
2004-05-01,6.6225,Cents per Pound,Sugar
2004-04-01,6.86047619,Cents per Pound,Sugar
2004-03-01,6.496086957,Cents per Pound,Sugar
2004-02-01,5.873157895,Cents per Pound,Sugar
2004-01-01,6.030526316,Cents per Pound,Sugar
2003-12-01,6.343809524,Cents per Pound,Sugar
2003-11-01,6.191111111,Cents per Pound,Sugar
2003-10-01,6.09826087,Cents per Pound,Sugar
2003-09-01,6.271428571,Cents per Pound,Sugar
2003-08-01,6.709047619,Cents per Pound,Sugar
2003-07-01,6.732272727,Cents per Pound,Sugar
2003-06-01,6.404761905,Cents per Pound,Sugar
2003-05-01,7.013809524,Cents per Pound,Sugar
2003-04-01,7.261904762,Cents per Pound,Sugar
2003-03-01,7.843333333,Cents per Pound,Sugar
2003-02-01,8.348333333,Cents per Pound,Sugar
2003-01-01,7.89047619,Cents per Pound,Sugar
2002-12-01,7.508,Cents per Pound,Sugar
2002-11-01,7.296842105,Cents per Pound,Sugar
2002-10-01,7.02,Cents per Pound,Sugar
2002-09-01,6.4095,Cents per Pound,Sugar
2002-08-01,5.856818182,Cents per Pound,Sugar
2002-07-01,5.794761905,Cents per Pound,Sugar
2002-06-01,5.246,Cents per Pound,Sugar
2002-05-01,5.611818182,Cents per Pound,Sugar
2002-04-01,5.178181818,Cents per Pound,Sugar
2002-03-01,5.9245,Cents per Pound,Sugar
2002-02-01,5.683157895,Cents per Pound,Sugar
2002-01-01,7.313809524,Cents per Pound,Sugar
2001-12-01,7.41,Cents per Pound,Sugar
2001-11-01,7.278,Cents per Pound,Sugar
2001-10-01,6.596086957,Cents per Pound,Sugar
2001-09-01,7.160666667,Cents per Pound,Sugar
2001-08-01,7.904347826,Cents per Pound,Sugar
2001-07-01,8.536190476,Cents per Pound,Sugar
2001-06-01,8.742857143,Cents per Pound,Sugar
2001-05-01,8.959545455,Cents per Pound,Sugar
2001-04-01,8.052105263,Cents per Pound,Sugar
2001-03-01,8.716818182,Cents per Pound,Sugar
2001-02-01,9.3625,Cents per Pound,Sugar
2001-01-01,10.05952381,Cents per Pound,Sugar
2000-12-01,9.7175,Cents per Pound,Sugar
2000-11-01,9.5135,Cents per Pound,Sugar
2000-10-01,10.41318182,Cents per Pound,Sugar
2000-09-01,9.8575,Cents per Pound,Sugar
2000-08-01,10.59782609,Cents per Pound,Sugar
2000-07-01,9.64047619,Cents per Pound,Sugar
2000-06-01,8.334545455,Cents per Pound,Sugar
2000-05-01,6.780869565,Cents per Pound,Sugar
2000-04-01,6.011,Cents per Pound,Sugar
2000-03-01,5.1112,Cents per Pound,Sugar
2000-02-01,5.351,Cents per Pound,Sugar
2000-01-01,5.6295,Cents per Pound,Sugar
1999-12-01,5.982,Cents per Pound,Sugar
1999-11-01,6.505,Cents per Pound,Sugar
1999-10-01,6.754285714,Cents per Pound,Sugar
1999-09-01,6.674545455,Cents per Pound,Sugar
1999-08-01,5.723478261,Cents per Pound,Sugar
1999-07-01,5.378181818,Cents per Pound,Sugar
1999-06-01,6.038636364,Cents per Pound,Sugar
1999-05-01,5.7485,Cents per Pound,Sugar
1999-04-01,5.421904762,Cents per Pound,Sugar
1999-03-01,6.025217391,Cents per Pound,Sugar
1999-02-01,6.8155,Cents per Pound,Sugar
1999-01-01,8.109000206,Cents per Pound,Sugar
1998-12-01,8.076818466,Cents per Pound,Sugar
1998-11-01,8.061429024,Cents per Pound,Sugar
1998-10-01,7.46272707,Cents per Pound,Sugar
1998-09-01,7.229090691,Cents per Pound,Sugar
1998-08-01,8.482380867,Cents per Pound,Sugar
1998-07-01,8.624761581,Cents per Pound,Sugar
1998-06-01,8.098636627,Cents per Pound,Sugar
1998-05-01,9.225500107,Cents per Pound,Sugar
1998-04-01,9.676817894,Cents per Pound,Sugar
1998-03-01,9.842272758,Cents per Pound,Sugar
1998-02-01,10.71949959,Cents per Pound,Sugar
1998-01-01,11.51850033,Cents per Pound,Sugar
1997-12-01,12.32666683,Cents per Pound,Sugar
1997-11-01,12.01200008,Cents per Pound,Sugar
1997-10-01,11.38227272,Cents per Pound,Sugar
1997-09-01,11.33136368,Cents per Pound,Sugar
1997-08-01,11.70142841,Cents per Pound,Sugar
1997-07-01,11.57217407,Cents per Pound,Sugar
1997-06-01,11.42904758,Cents per Pound,Sugar
1997-05-01,11.12818146,Cents per Pound,Sugar
1997-04-01,11.29909134,Cents per Pound,Sugar
1997-03-01,11.14099979,Cents per Pound,Sugar
1997-02-01,10.81299973,Cents per Pound,Sugar
1997-01-01,10.69190502,Cents per Pound,Sugar
1996-12-01,10.73799992,Cents per Pound,Sugar
1996-11-01,10.72476196,Cents per Pound,Sugar
1996-10-01,11.12391281,Cents per Pound,Sugar
1996-09-01,11.91571426,Cents per Pound,Sugar
1996-08-01,12.36636353,Cents per Pound,Sugar
1996-07-01,12.80695629,Cents per Pound,Sugar
1996-06-01,12.17399979,Cents per Pound,Sugar
1996-05-01,11.37772751,Cents per Pound,Sugar
1996-04-01,11.98380947,Cents per Pound,Sugar
1996-03-01,12.89904785,Cents per Pound,Sugar
1996-02-01,12.81857109,Cents per Pound,Sugar
1996-01-01,12.53363609,Cents per Pound,Sugar
1995-12-01,12.31000042,Cents per Pound,Sugar
1995-11-01,11.98409081,Cents per Pound,Sugar
1995-10-01,11.83727264,Cents per Pound,Sugar
1995-09-01,11.68999958,Cents per Pound,Sugar
1995-08-01,12.98086929,Cents per Pound,Sugar
1995-07-01,13.59238052,Cents per Pound,Sugar
1995-06-01,14.02045441,Cents per Pound,Sugar
1995-05-01,13.52227306,Cents per Pound,Sugar
1995-04-01,13.60526276,Cents per Pound,Sugar
1995-03-01,14.5934782,Cents per Pound,Sugar
1995-02-01,14.40750027,Cents per Pound,Sugar
1995-01-01,14.79500008,Cents per Pound,Sugar
1994-12-01,14.67476177,Cents per Pound,Sugar
1994-11-01,13.92590904,Cents per Pound,Sugar
1994-10-01,12.75809479,Cents per Pound,Sugar
1994-09-01,12.59409046,Cents per Pound,Sugar
1994-08-01,12.09478283,Cents per Pound,Sugar
1994-07-01,11.77428532,Cents per Pound,Sugar
1994-06-01,12.04818153,Cents per Pound,Sugar
1994-05-01,11.57999992,Cents per Pound,Sugar
1994-04-01,11.01350021,Cents per Pound,Sugar
1994-03-01,11.72913074,Cents per Pound,Sugar
1994-02-01,10.82250023,Cents per Pound,Sugar
1994-01-01,10.29904747,Cents per Pound,Sugar
1993-12-01,10.52260876,Cents per Pound,Sugar
1993-11-01,10.07409096,Cents per Pound,Sugar
1993-10-01,10.29476166,Cents per Pound,Sugar
1993-09-01,9.535908699,Cents per Pound,Sugar
1993-08-01,9.342272758,Cents per Pound,Sugar
1993-07-01,9.675000191,Cents per Pound,Sugar
1993-06-01,10.39863682,Cents per Pound,Sugar
1993-05-01,11.82800007,Cents per Pound,Sugar
1993-04-01,11.15380955,Cents per Pound,Sugar
1993-03-01,10.62478256,Cents per Pound,Sugar
1993-02-01,8.559499741,Cents per Pound,Sugar
1993-01-01,8.237999916,Cents per Pound,Sugar
1992-12-01,8.148636818,Cents per Pound,Sugar
1992-11-01,8.559524536,Cents per Pound,Sugar
1992-10-01,8.70545578,Cents per Pound,Sugar
1992-09-01,9.312274933,Cents per Pound,Sugar
1992-08-01,9.864761353,Cents per Pound,Sugar
1992-07-01,10.31217575,Cents per Pound,Sugar
1992-06-01,10.34772873,Cents per Pound,Sugar
1992-05-01,9.613334656,Cents per Pound,Sugar
1992-04-01,9.455715179,Cents per Pound,Sugar
1992-03-01,8.250453949,Cents per Pound,Sugar
1992-02-01,7.842999935,Cents per Pound,Sugar
1992-01-01,8.424091339,Cents per Pound,Sugar
1991-12-01,9.001903534,Cents per Pound,Sugar
1991-11-01,8.63299942,Cents per Pound,Sugar
1991-10-01,9.125881195,Cents per Pound,Sugar
1991-09-01,9.295501709,Cents per Pound,Sugar
1991-08-01,9.588298798,Cents per Pound,Sugar
1991-07-01,10.3219986,Cents per Pound,Sugar
1991-06-01,9.200000763,Cents per Pound,Sugar
1991-05-01,7.588099957,Cents per Pound,Sugar
1991-04-01,8.509998322,Cents per Pound,Sugar
1991-03-01,9.13999939,Cents per Pound,Sugar
1991-02-01,8.509998322,Cents per Pound,Sugar
1991-01-01,8.799999237,Cents per Pound,Sugar
1990-12-01,9.740001678,Cents per Pound,Sugar
1990-11-01,10.06000137,Cents per Pound,Sugar
1990-10-01,9.38999939,Cents per Pound,Sugar
1990-09-01,11.02000046,Cents per Pound,Sugar
1990-08-01,10.93000031,Cents per Pound,Sugar
1990-07-01,12,Cents per Pound,Sugar
1990-06-01,12.97000122,Cents per Pound,Sugar
1990-05-01,14.61999893,Cents per Pound,Sugar
1990-04-01,15.24000168,Cents per Pound,Sugar
1990-03-01,15.31000137,Cents per Pound,Sugar
1990-02-01,14.65000153,Cents per Pound,Sugar
1990-01-01,14.20000076,Cents per Pound,Sugar